tag,rate
данных,169
компании,66
работы,61
данные,58
Хабр,58
например,48
Например,46
модели,45
Привет,44
код,42
системы,37
API,35
задачи,33
модель,33
кода,32
решения,28
the,27
безопасности,26
проекта,25
return,25
Android,25
Пример,25
Python,25
приложения,24
памяти,24
поэтому,24
import,24
России,23
Windows,23
игры,23
The,23
const,22
помощью,21
команды,21
LLM,21
for,20
name,20
string,20
Источник,19
Linux,19
сети,19
пользователей,18
работа,18
проект,17
Java,17
Google,17
сотрудников,17
управления,17
public,17
информации,17
Data,16
процесс,16
and,16
сделать,16
людей,16
String,16
видео,16
data,16
Поэтому,16
клиентов,16
использовать,15
from,15
позволяет,15
проблемы,15
система,15
разработки,15
игр,15
работу,15
файл,15
обучения,14
SQL,14
продукта,14
программирования,14
URL,13
пользователя,13
жизни,13
class,13
bash,13
стоит,13
let,12
США,12
человека,12
доступ,12
помогает,12
Яндекс,12
сервер,12
new,11
можете,11
Kubernetes,11
Intel,11
язык,11
with,11
функции,11
решение,11
команда,11
FROM,11
доступа,11
приложение,10
Microsoft,10
Apple,10
является,10
версии,10
вопросы,10
записи,10
таблицы,10
type,10
define,10
моделей,10
Введение,10
задач,9
какие,9
языка,9
результат,9
val,9
image,9
технологии,9
интерфейс,9
Рисунок,9
SELECT,9
python,9
работать,9
часов,9
await,9
var,9
хранения,9
случае,9
Spring,9
std,9
size,9
приложений,9
тестирования,9
продукт,9
использования,8
GPU,8
javascript,8
компания,8
работает,8
React,8
Вселенной,8
func,8
сервера,8
вообще,8
решений,8
Хабре,8
private,8
исследования,8
sudo,8
деньги,8
возможность,8
привет,8
инструмент,8
запрос,8
товаров,8
int,8
работе,8
бизнеса,8
value,8
задачу,8
JSON,8
сайта,8
новые,8
Docker,8
Flutter,7
Rust,7
сразу,7
cpp,7
команде,7
решил,7
СУБД,7
долларов,7
количество,7
Рис,7
CPU,7
энергии,7
Хабра,7
подход,7
значение,7
файлов,7
Схема,7
you,7
div,7
компонентов,7
текст,7
CSS,7
Pro,7
детей,7
Автор,7
сайт,7
PostgreSQL,7
REST,7
либо,7
пример,6
карты,6
str,6
что-то,6
возможно,6
значения,6
запросы,6
игроков,6
Kafka,6
важно,6
СССР,6
новый,6
ответ,6
HTTP,6
разработчиков,6
рублей,6
изображений,6
void,6
книга,6
Server,6
end,6
точки,6
Данные,6
текста,6
документации,6
Kotlin,6
получить,6
Какие,6
App,6
связи,6
программы,6
java,6
Настройка,6
Яндекса,6
млн,6
Шаг,6
Гбит,6
USB,6
можем,6
пользователь,6
руководитель,6
мозга,6
запросов,6
AMD,6
книги,6
клиента,6
требования,6
Telegram,6
Name,6
time,6
err,6
интервью,6
frac,6
области,6
платы,6
элемента,6
Видео,6
ChatGPT,6
Unity,6
производительности,6
бота,6
аналитики,5
свет,5
контент,5
подключения,5
path,5
анализа,5
события,5
вопрос,5
рынка,5
возможности,5
способ,5
кандидатов,5
Security,5
необходимо,5
устройств,5
платформы,5
count,5
проектов,5
игра,5
процесса,5
специалистов,5
защиты,5
фильма,5
etc,5
function,5
файла,5
тестирование,5
server,5
тестов,5
магазинов,5
делать,5
света,5
инструментов,5
память,5
объекты,5
процессора,5
данными,5
Big,5
расходы,5
панели,5
анализ,5
клиент,5
исследователи,5
систем,5
инфраструктуры,5
проверки,5
описание,5
устройства,5
изменения,5
уязвимостей,5
цены,5
обработки,5
транзакции,5
VPN,5
def,5
компонент,5
поиск,5
создания,5
Int,5
рынок,5
типа,5
месяц,5
параметр,5
Опыт,5
app,5
key,5
print,5
сообщения,5
должен,5
уровень,5
развития,5
lisp,5
опыт,5
Компании,5
организации,5
set,5
сервис,5
NET,5
вакансии,5
Использование,5
друг,5
Chrome,5
достаточно,5
Используйте,5
сеть,5
None,5
NAME,5
аналитика,5
алгоритм,5
понять,5
TypeScript,5
должны,4
Proxy,4
многие,4
NASA,4
Table,4
диск,4
проверок,4
Product,4
аудитории,4
dev,4
программного,4
TYPE,4
добавить,4
питания,4
каналов,4
статьи,4
систему,4
Hello,4
История,4
ОЗУ,4
Astra,4
знаний,4
студентов,4
ребенка,4
поиска,4
println,4
быстро,4
mov,4
рисков,4
message,4
Ссылка,4
Создание,4
проекте,4
документов,4
ленты,4
Преимущества,4
Framework,4
изображения,4
Canvas,4
Статья,4
Картинка,4
Результат,4
nil,4
lib,4
стратегии,4
self,4
базы,4
инструменты,4
поколение,4
Point,4
телефона,4
Андрей,4
user,4
поле,4
рынке,4
List,4
продаж,4
JOIN,4
конкурентов,4
рекламы,4
рис,4
проблема,4
сообщений,4
True,4
Рис.,4
напряжения,4
функция,4
контента,4
слова,4
iPhone,4
основе,4
Mac,4
пути,4
функций,4
блокировки,4
показателей,4
Результаты,4
обеспечения,4
строки,4
false,4
документы,4
GET,4
Redis,4
особенности,4
Home,4
имеет,4
результаты,4
Native,4
text,4
Язык,4
Важно,4
depth,4
Power,4
персонажа,4
тип,4
Вывод,4
структуры,4
компоненты,4
Этап,4
производства,4
JavaScript,4
NULL,4
Code,4
настройки,4
сигнала,4
волны,4
Земли,4
With,4
SMS,4
программирование,4
оборудования,4
обновления,4
Service,4
Message,4
автор,4
атак,4
Анализ,4
YADRO,4
GigaChat,4
Client,4
Lake,4
момент,4
GitHub,4
правила,4
Александр,4
cache,4
онлайн,4
поля,4
процессы,4
Изображение,4
add,4
bytes,4
серверов,4
ревью,4
шифрования,4
ВНЖ,4
true,4
Web,4
клетки,4
резюме,4
Фото,4
телефон,4
далее,4
робота,4
индекса,4
поддержки,4
мусора,4
метод,4
Подробнее,4
Модель,4
информация,4
части,4
Поддерживает,4
max,4
Postgres,4
Swift,4
cur,3
робот,3
age,3
напряжение,3
исследование,3
static,3
Уровень,3
ответов,3
button,3
происходит,3
часа,3
услуги,3
Примеры,3
поток,3
любой,3
date,3
вакансию,3
Mini,3
Кстати,3
социальных,3
типы,3
Git,3
Сервис,3
нашем,3
Application,3
обхода,3
tmp,3
производительность,3
code,3
квантовых,3
Time,3
FPGA,3
grid,3
участников,3
session,3
базе,3
фотографии,3
Cat,3
интерфейса,3
request,3
TABLE,3
list,3
Copilot,3
следует,3
вычислений,3
Nginx,3
GPT,3
правил,3
уязвимость,3
инструкций,3
экрана,3
модуль,3
интеллекта,3
Play,3
конфигурации,3
плана,3
насколько,3
программа,3
активность,3
часть,3
result,3
Excel,3
продуктов,3
деталей,3
Studio,3
игрока,3
Oracle,3
стороны,3
Some,3
Boot,3
трансформации,3
таким,3
Ryzen,3
GNU,3
специалист,3
Ubuntu,3
проекты,3
воздуха,3
auto,3
вакансий,3
начал,3
вероятность,3
ключ,3
Функции,3
Grafana,3
плату,3
управление,3
плагин,3
Работает,3
века,3
детали,3
iOS,3
позиции,3
объектов,3
сотрудники,3
Описание,3
объем,3
слов,3
height,3
деятельности,3
PDF,3
Недостатки,3
Zabbix,3
left,3
ПАК,3
нагрузки,3
дней,3
изменений,3
баз,3
rows,3
alpha,3
array,3
НДС,3
Content,3
руб,3
запроса,3
шаг,3
связь,3
Функция,3
Интерфейс,3
знания,3
beta,3
pointer,3
src,3
script,3
поддержка,3
WiFi,3
Поддержка,3
мониторинга,3
аналитик,3
export,3
node,3
ядра,3
BASIC,3
Claude,3
Константин,3
шифрование,3
gRPC,3
SOC,3
бизнес,3
уровня,3
сертификации,3
МТС,3
алгоритмов,3
Кузнецова,3
Роботикс,3
Шерпа,3
field,3
выглядит,3
Совет,3
Дисклеймер,3
бит,3
Bluetooth,3
библиотеки,3
train,3
слой,3
изображение,3
тесты,3
PHP,3
игру,3
страны,3
тренировки,3
платформа,3
Авито,3
бот,3
интерфейсов,3
условиях,3
Figma,3
Compose,3
ШИМ,3
начали,3
System,3
Юлия,3
написать,3
месте,3
лампы,3
истории,3
СХД,3
matrix,3
атаки,3
мошенничества,3
конференции,3
Вселенная,3
Хаббла,3
поколения,3
DESI,3
уязвимости,3
vector,3
YouTube,3
main,3
сервиса,3
сна,3
недели,3
минут,3
трафика,3
byte,3
процессоры,3
элементы,3
Company,3
элемент,3
сотрудника,3
валидации,3
kotlin,3
len,3
мощности,3
выражений,3
шаблон,3
обучение,3
Процесс,3
найти,3
элементов,3
Photo,3
сценарий,3
руководство,3
из-за,3
Exolve,3
место,3
категории,3
MacBook,3
качестве,3
Проект,3
Перейти,3
Metal,3
доклад,3
разработке,3
камеры,3
состояние,3
зависимостей,3
тест,3
Customer,3
контейнеров,3
эксперимента,3
команд,3
Индекс,3
index,3
ток,3
консоль,3
роста,3
Трампа,3
fun,3
развитие,3
Open,3
postgres,3
доклада,3
Игры,3
создание,3
понятие,3
мир,3
оборудование,3
https,3
Сколково,3
state,3
политики,3
торговли,3
item,3
практики,3
поверхности,3
копирования,3
Управление,3
внедрения,3
зависимости,3
рост,3
State,3
IBM,3
прерываний,3
Давайте,3
Unreal,3
BIM,3
фильм,3
архитектуры,3
технология,3
Text,3
Думаю,3
Angular,3
core,3
символов,3
CMS,3
Маск,3
GIL,3
эмоций,3
Добавляем,3
Код,3
test,3
регистрации,3
схема,3
Эйнштейна,3
часы,3
Лихачёв,3
таких,3
SRE,3
запись,3
одна,3
console.log,3
улучшения,3
User,3
Библиотека,3
качества,3
Виталий,3
Science,3
Intelligence,3
покупки,3
компилятор,3
SIEM,3
WHERE,3
группы,3
клиенты,3
Слева,3
вариант,3
мониторинг,3
решить,3
service,3
Сергей,3
разметки,3
функционал,3
распознавания,3
цели,3
образ,3
Function,3
качество,3
кандидата,3
страницы,3
filter,3
используется,3
технологий,3
ЦОД,3
Huawei,3
SSD,3
класс,3
компиляции,3
сигнал,3
Using,3
ошибки,3
модуля,3
http,3
MOEX,3
товара,3
идея,3
скорость,3
Роберт,3
typescript,3
средства,3
Nvidia,3
распределение,3
компаний,3
car,3
метрики,3
объект,3
график,3
Трамп,3
хочу,3
звёзд,3
клеток,3
ресурсов,3
Roblox,3
тёмной,3
SLA,3
нейросети,3
публикации,3
get,3
населения,3
Злоумышленники,3
используют,3
Midjourney,3
null,3
сутки,3
товар,3
загрузки,3
анализировать,2
Starship,2
учить,2
процессов,2
Уильям,2
USDT,2
цикл,2
Скриншот,2
Иллюстрация,2
думаю,2
карту,2
дыры,2
ДНК,2
DevOps,2
Node,2
восстановления,2
Даниил,2
product,2
контекст,2
документ,2
проектирования,2
idx,2
пациентов,2
uint,2
температура,2
отрисовки,2
риск,2
Игроки,2
email,2
обмана,2
подкаста,2
аккаунт,2
мошенники,2
process,2
INDEX,2
LaTeX,2
список,2
lname,2
делегировать,2
Flask,2
сервисов,2
собеседования,2
тени,2
равно,2
английском,2
английский,2
акселератора,2
дизайна,2
контекстной,2
Облачные,2
Солнечной,2
Команда,2
Чарльз,2
знаков,2
Последние,2
Страница,2
Скачать,2
Рендер,2
движения,2
получил,2
кнопки,2
баланс,2
final,2
рабочего,2
вашего,2
рейтинги,2
Продукт,2
username,2
ключа,2
post,2
говорить,2
опыта,2
подростков,2
программированию,2
рейтинг,2
Cafe,2
коммерции,2
метаболизм,2
build,2
peid,2
assignee,2
Москва,2
данным,2
Качество,2
кадры,2
протокол,2
Китае,2
период,2
реализации,2
Animal,2
Мура,2
карьеры,2
скролла,2
симуляции,2
Поколение,2
разработка,2
ссылки,2
материи,2
ошибок,2
занятий,2
которое,2
Long,2
body,2
свойство,2
РЕД,2
VALUE,2
LLVM,2
PVS-Studio,2
компьютер,2
теория,2
тимлида,2
lambda,2
model,2
выводы,2
right,2
series,2
значений,2
эффективность,2
стоимость,2
стенки,2
сумма,2
sigma,2
принцип,2
резервного,2
else,2
Кибер,2
Предисловие,2
распределения,2
индустрию,2
сертификат,2
оптимизации,2
Найти,2
RabbitMQ,2
Event,2
Современный,2
Руководитель,2
Prolog,2
эксплуатации,2
Отсутствие,2
version,2
купить,2
проблему,2
температуры,2
include,2
async,2
реле,2
лампочка,2
Блогер,2
Image,2
боли,2
access,2
новой,2
Business,2
matlab,2
Компания,2
камера,2
IntelliJ,2
дело,2
места,2
активности,2
Наверное,2
join,2
помощи,2
дороги,2
Сообщения,2
понимание,2
миграция,2
классификации,2
точек,2
использование,2
галактики,2
давление,2
Doom,2
sum,2
методы,2
Lua,2
Согласно,2
очередей,2
число,2
разработчики,2
удалось,2
этап,2
Fusion,2
давления,2
статус,2
Тимлид,2
string-append,2
rte,2
ООП,2
ученые,2
вселенной,2
процессоров,2
Zen,2
диска,2
VSCode,2
частицы,2
param,2
path-home,2
Карта,2
каждого,2
входа,2
call,2
контроллер,2
SQLite,2
предлагает,2
NOT,2
цифровой,2
Kandinsky,2
презентации,2
цель,2
Qlik,2
COUNT,2
ref,2
Network,2
Parallel,2
push,2
Китая,2
писать,2
называется,2
профессии,2
Blue,2
run,2
Terminal,2
Lock,2
Нейросеть,2
Gitea,2
ZGC,2
CVSS,2
JDK,2
EOF,2
авторов,2
эксперта,2
отказа,2
Разметка,2
KVM,2
цен,2
сигналы,2
сферах,2
виртуальной,2
Ошибка,2
Neural,2
HTTPS,2
Нормальное,2
сон,2
Каким,2
pygame.QUIT,2
событие,2
Django,2
CEO,2
are,2
PASSWORD,2
машины,2
пункт,2
сложности,2
таблица,2
IMOEX,2
interval,2
сайте,2
ZFS,2
вопросов,2
громкости,2
error,2
сути,2
variant,2
start,2
виртуальные,2
category,2
offset,2
Елена,2
DPI,2
nginx,2
plane,2
Скрытый,2
Dropout,2
Радара,2
Radar,2
Решаемая,2
Путь,2
центра,2
центре,2
VLESS,2
курсы,2
that,2
Технократии,2
RAG,2
программ,2
вредоносного,2
специалисты,2
bot,2
api,2
Обложка,2
token,2
характеристики,2
дверь,2
Системы,2
update,2
Read,2
стаффа,2
фотоаппарат,2
ценность,2
Порой,2
Вариант,2
Artemis,2
айтишников,2
Маска,2
SpaceX,2
курса,2
Steam,2
Substance,2
TARGET,2
Либо,2
neighbor,2
ECH,2
Ollama,2
окна,2
Документация,2
блокировок,2
записей,2
Хаброжители,2
стафф,2
kernel,2
комнату,2
параметры,2
коллег,2
Затраты,2
GPS,2
кот,2
Unsplash,2
Луну,2
Source,2
одним,2
юзера,2
товары,2
Поиск,2
интерпретатор,2
требуют,2
визуализации,2
наверное,2
Кампуса,2
Запустили,2
Егорова,2
content,2
Кирилл,2
преподавателей,2
индекс,2
тока,2
наших,2
стикеры,2
вывод,2
навыки,2
ПЛИС,2
матрицы,2
Марс,2
триггера,2
GCC,2
рекламу,2
РКН,2
ноября,2
лица,2
Распознавание,2
эмоции,2
информационной,2
никто,2
авто,2
Интересные,2
решением,2
отопления,2
Sleep,2
nanoCAD,2
рис.,2
RETURN,2
общих,2
версий,2
образом,2
JVM,2
путь,2
реальности,2
Мир,2
защита,2
байт,2
уровне,2
интеграции,2
ГИС,2
Post,2
данный,2
поездки,2
взрослых,2
такси,2
check,2
Причина,2
auth,2
Мощность,2
квантовые,2
компонента,2
Контейнеры,2
config,2
install,2
take,2
org,2
OSM,2
Boeing,2
лазера,2
лазер,2
права,2
сбор,2
сбора,2
множество,2
sqrt,2
macOS,2
OSPF,2
RIP,2
KDE,2
иконки,2
автомобилей,2
точность,2
AST,2
кодом,2
токенов,2
хеш,2
списка,2
пакет,2
role,2
Одна,2
источников,2
кучи,2
Поколения,2
CPython,2
джуна,2
джунов,2
джуны,2
aligned,2
Иванов,2
Elixir,2
вариантов,2
target,2
передачи,2
ГГц,2
Дэвид,2
Technologies,2
Positive,2
Программа,2
пакетов,2
products,2
Роскомнадзор,2
разных,2
opt,2
Банк,2
этапы,2
Банка,2
time.Second,2
ctx,2
комплекс,2
тыс,2
точно,2
Entity,2
прав,2
JPA,2
разработчик,2
совершенно,2
секции,2
войти,2
number,2
ЭВМ,2
капчи,2
тестировщика,2
генерации,2
кейсов,2
стандарт,2
Главные,2
Рабочие,2
простоя,2
комментарии,2
города,2
KEY,2
отказ,2
Способ,2
УСН,2
аудит,2
нашей,2
Вкладка,2
отрасли,2
ликвидности,2
актив,2
операционной,2
address,2
актива,2
выбираем,2
знак,2
датчиков,2
implementation,2
АЦП,2
алгоритма,2
sec,2
главное,2
сценарии,2
Key,2
спросил,2
дает,2
слово,2
tools,2
system,2
денег,2
Роблоксе,2
блог,2
свой,2
канал,2
Defender,2
ОТВЕТСТВЕННОСТИ,2
ОТКАЗ,2
Unicode,2
исполняемый,2
весьма,2
className,2
экране,2
avg,2
ADC,2
buf,2
СМИ,2
IDE,2
Продолжаю,2
Tesla,2
зарплаты,2
Node.js,2
понимаю,2
автоматизации,2
которую,2
Пролог,2
мнение,2
Последнее,2
нужны,2
паттернов,2
Резюме,2
Flow,2
Model,2
создать,2
Tor,2
обеспечение,2
ответа,2
TOKEN,2
file,2
корпус,2
РСЯ,2
Список,2
статье,2
услуг,2
Добавили,2
аутентификации,2
крови,2
Москве,2
Владимир,2
Scan,2
commit,2
Llama,2
бег,2
sql,2
потоков,2
Anthropic,2
предстоит,2
CLI,2
width,2
корпуса,2
реестр,2
Target,2
самая,2
IDEA,2
программистов,2
Project,2
моделирования,2
диске,2
TMS,2
токен,2
авторизации,2
KeyCloak,2
ФСТЭК,2
проще,2
героя,2
ядро,2
dependency,2
FPS,2
Core,2
идеи,2
Предыстория,2
Расширение,2
MLP,2
биохакинга,2
получается,2
Observable,2
Липпмана,2
Zoom,2
трафик,2
вашей,2
балансировщик,2
прокси,2
даты,2
Ученые,2
when,2
person,2
кадр,2
UML,2
Inc,2
authorizer,2
CEL,2
событий,2
color,2
weight,2
expr,2
Проверить,2
веса,2
видеоигр,2
Schema,2
Пауза,2
SRAM,2
Promise,2
блок,2
MS-DOS,2
испытаний,2
Create,2
предсказания,2
pair,2
калькулятор,2
рендеринга,2
интернет-магазина,2
проблем,2
базовой,2
дашборда,2
обезьян,2
тела,2
Скорость,2
Joomla,2
MIT,2
файлы,2
долга,2
массив,2
libs,2
блока,2
установки,2
думал,2
устройство,2
Значение,2
Red,2
POST,2
Правило,2
chat,2
Работа,2
рабочее,2
менеджер,2
фото,2
Лаборатории,2
Касперского,2
Bridge,2
очередь,2
злоумышленники,2
вредоносных,2
Hat,2
Material,2
зал,2
последовательность,2
Twitter,2
поставщиков,2
скорее,2
seq,2
отчет,2
GUI,2
лампа,2
чай,2
Test,2
рекомендация,2
DAX,2
dist,2
поставок,2
методов,2
стартап,2
Monq,2
Jitsi,2
продажи,2
Diffusion,2
написал,2
курс,2
Веб,2
xml,2
МФТИ,2
queue,2
MEMS,2
Theater,2
стали,2
мобильных,2
роботов,2
инцидентов,2
Алена,2
калибровки,2
CDATA,2
статей,2
номер,2
линза,2
персонала,2
контекста,2
CREATE,2
SDO,2
PATH,2
connect,2
was,2
эффектов,2
SIZE,2
пройти,2
фактора,2
подходит,2
Минусы,2
задача,2
читать,2
стала,2
Наталья,2
вектор,2
OpenAI,2
смерти,2
название,2
сталкивался,2
Wallet,2
Классификация,2
блоков,2
Дайджест,2
фильтра,2
публикаций,2
yaml,2
модули,2
nat,2
Биржа,2
Финансы,2
Инвестиции,2
собственно,2
атмосферы,2
Франции,2
Длиннопост,2
организма,2
решили,2
Park,2
Политика,2
begin,2
вполне,2
будущее,2
ошибка,2
notes,2
фильтры,2
memory,2
Run,2
make,2
зависимость,2
эксперты,2
this,2
архитектура,2
метаданных,2
Iceberg,2
Кейс,2
Производитель,2
внимания,2
property,2
Курс,2
ptr,2
Слёрма,2
уравнения,2
NVIDIA,2
дизайнеров,2
статья,2
домена,2
json,2
сообщества,2
Airflow,2
Николай,2
философии,2
Алексей,2
iter,2
умолчанию,2
GeForce,2
МГц,2
требований,2
Проблема,2
игре,2
мероприятия,2
Apache,2
Глава,2
Цель,2
разница,2
How,2
вместо,2
Game,2
Jetpack,2
уравнение,2
Оптимизация,2
структура,2
расширения,2
Agile,2
вершины,2
космического,2
apps,2
штука,2
метрик,2
HLS,2
Clip,2
Selectel,2
Мошенники,2
облаке,2
доказательства,2
Интервью,2
Global,2
НЛО,2
бога,2
курсов,2
агентства,2
отжига,2
пассажиров,2
серия,2
Презентация,2
override,2
line,2
консоли,2
облачные,2
Symfony,2
работ,2
PCIe,2
UUID,2
World,2
стадии,2
Cloud,2
сотрудник,2
Здравствуй,2
локации,2
Профсоюз,2
ожиданиях,2
оказалось,2
Тога,2
браузер,2
ресурсы,2
работник,2
встреча,2
софт,2
кабанчика,2
нефти,2
игроки,2
out,2
Yandex,2
нашего,2
мицелий,2
Engine,2
гриб,2
грибов,2
Blender,2
переменные,2
грибы,2
завод,2
существования,2
тренд,2
благодаря,2
effect,2
MED,2
Проверка,2
заранее,2
ГОСТ,2
воспоминания,2
экран,2
СОД,2
искусственный,2
cls.,1
DWH,1
WAL,1
Стейнхардт,1
ЮKassa,1
Vault,1
бэк,1
тёмная,1
TTM,1
энергия,1
отделов,1
физики,1
Вафа,1
Потоки,1
threads,1
фиксации,1
Питон,1
thread,1
counter,1
PSQLBuddy,1
current,1
магазина,1
CUDIMM,1
env,1
сравнения,1
Meetup,1
рекрутеры,1
среда,1
чертежей,1
Лидеры,1
руководители,1
слушание,1
офлайн,1
Активное,1
доклады,1
рабочем,1
умение,1
рекрутеров,1
частотах,1
высоких,1
PLL,1
шага,1
Fallout,1
UDIMM,1
London,1
RDIMM,1
Мод,1
CKD,1
Бонджорно,1
слушать,1
собеседование,1
act,1
Actions,1
Тестовый,1
бэкапа,1
PROVIDER,1
curses.COLOR,1
платежные,1
runner,1
платежей,1
Индустрия,1
stdscr.addstr,1
kubectl,1
ECB,1
AES,1
Deckhouse,1
страховой,1
фанатов,1
pad,1
Insurance,1
Dex,1
крупные,1
ciphertext,1
крупных,1
Tech,1
DKP,1
interviewing.io,1
шаги,1
отклонение,1
cart,1
Джин,1
Джонатана,1
Джонатан,1
Лебед,1
Маргарет,1
Создала,1
Элизабет,1
кровли,1
SEC,1
Хоппер,1
основой,1
Лавлейс,1
Kaplestop,1
Аллен,1
галтель,1
акции,1
Dump,1
идентификатор,1
пунктов,1
Декларация,1
Прибыльность,1
системах,1
ЭБУ,1
SRS,1
Ввод,1
Блок,1
Pump,1
ремонта,1
пункта,1
внутренняя,1
Edition,1
Standard,1
акций,1
Протечки,1
artist,1
style,1
Quasar,1
разработчикам,1
NPM,1
Vuetify,1
Varlet,1
деконструкция,1
локаций,1
уровней,1
Санкт-Петербург,1
Mock-сервера,1
Нажимаем,1
Postman,1
users,1
орбите,1
Block,1
TLDR,1
Buefy,1
Element,1
Yarn,1
фотошоп,1
Heavy,1
шаблоны,1
block,1
основные,1
отображения,1
templates,1
Super,1
Admin,1
DIRS,1
genre,1
genres,1
полёта,1
звукоснимателя,1
хамбакера,1
ПИН,1
Гриффитс,1
находить,1
рубрике,1
заголовка,1
действию,1
интернет,1
Джеймс,1
Telpo,1
Intent,1
файрвол,1
Сегодняшняя,1
http.Request,1
http.RoundTripper,1
Transport,1
middleware,1
Intents,1
Shortcuts,1
хамбакеры,1
ключей,1
Square,1
Print,1
SBP,1
задумываются,1
встречаю,1
последнее,1
профессиях,1
Siri,1
стать,1
аргументов,1
терминалы,1
POS,1
AppIntent,1
Shortcut,1
log.Printf,1
Graph,1
Models,1
Jigsaw,1
предложить,1
Ограничение,1
bigint,1
совместной,1
получают,1
Голдберг,1
context.Context,1
Recommendation,1
Вторая,1
Health,1
шум,1
формата,1
регулировать,1
некового,1
дБм,1
выходной,1
радиодатчика,1
Kit,1
ионистора,1
таймстемп,1
потребления,1
районе,1
парня,1
среднего,1
смещения,1
смещение,1
квадрат,1
монолита,1
таймстемпа,1
дисперсию,1
партнера,1
ценников,1
суперкомпьютер,1
магазинах,1
директорий,1
тесто,1
основатель,1
соискатель,1
Math.floor,1
злоумышленников,1
ProgramData,1
OLADCA,1
директории,1
admin,1
Хан,1
этапа,1
Инст,1
спикеру,1
обозначения,1
спикера,1
однородные,1
столбцов,1
times,1
хлеба,1
Дрожжи,1
хлеб,1
задаче,1
Айвз,1
простые,1
победа,1
банкоматов,1
инцидента,1
Допустим,1
СКТО,1
банкоматы,1
Инцидент,1
Поиски,1
newtab,1
people,1
Скриншотик,1
закладок,1
Person,1
Рождение,1
Connexion,1
Визуализация,1
Гантта,1
professional,1
Observation,1
BalancedIndex,1
shared,1
узел,1
Cashback,1
Ребята,1
OpenTelemetry,1
BSOD,1
Tracing,1
Painter,1
могли,1
овцы,1
реальном,1
Statista,1
Интернета,1
Интеграция,1
RTP,1
вещей,1
конфликт,1
Brave,1
Руководителя,1
Конфликты,1
legal,1
Авторы,1
Micrometer,1
nervous,1
компетенции,1
выполняющего,1
лидерства,1
Делегирование,1
Представьте,1
Нажмите,1
OTLP,1
Модели,1
observability,1
CVAT,1
конфликта,1
компромиссов,1
конфликтов,1
FTC,1
сектор,1
монолитом,1
Алекс,1
Иван,1
храп,1
Ризаев,1
Антон,1
functions,1
Вопрос,1
Вика,1
Борис,1
пространства,1
забыли,1
здоровье,1
биохакеры,1
биохакинг,1
Backprop,1
офисных,1
офис,1
CNN,1
гиппокамп,1
носа,1
носовой,1
апноэ,1
Ивана,1
Липпман,1
начинается,1
Можете,1
Пара,1
плюс,1
корпоративных,1
успевают,1
SimpleOne,1
low-code,1
фронтенда,1
маяков,1
фронтенде,1
бэкенде,1
iBeacon,1
миндалин,1
Операции,1
офисы,1
Retrieval,1
учётной,1
api-docs,1
творчество,1
языки,1
Возраст,1
Направление,1
ремейк,1
Ремастер,1
переиздания,1
pixclk,1
руководителей,1
Руководители,1
старых,1
организационной,1
взаимодействию,1
старше,1
разобраться,1
сотрудниками,1
структуре,1
Роблокса,1
каникулы,1
занятия,1
personas,1
CTRL,1
xbox,1
формат,1
учётную,1
офисные,1
CGA,1
TMDS,1
redacted,1
artifactId,1
groupId,1
HDMI,1
Transactional,1
предположить,1
video,1
поистине,1
самыми,1
cursor,1
онлайн-лагерь,1
Sony,1
Studios,1
IoT,1
Voyager,1
Demo,1
Линукс,1
MFA,1
нажатий,1
Включите,1
используйте,1
SSH,1
Настройте,1
спутник,1
бортовых,1
Дата-центры,1
Грейсиус,1
xAI,1
Corp,1
Dojo,1
Лаборатория,1
Ход,1
АСУ,1
Sberhealth,1
order,1
Shop,1
Domain,1
сокращения,1
тихие,1
клавиш,1
история,1
обезьяна,1
Очередная,1
Самолёта,1
Самолёт,1
Stripe,1
длины,1
сигналов,1
Максим,1
packages,1
Шекспира,1
detector,1
Dart,1
types,1
поверки,1
ПЛК,1
корабля,1
Диаграмма,1
скелета,1
взаимодействия,1
рук,1
Германии,1
контроллеры,1
евро,1
стране,1
создали,1
Outlier,1
моды,1
образы,1
вещи,1
Ницце,1
Испании,1
квартиру,1
Барселоне,1
игрок,1
Виртуальная,1
респондентов,1
датчики,1
Зарплаты,1
Крошечная,1
Земля,1
АРМ,1
Коэффициент,1
сбоев,1
котельной,1
Феррон-строй,1
насосов,1
планировщик,1
Asset,1
DAG,1
студии,1
подкасты,1
подкасте,1
Чек-лист,1
подкаст,1
респондента,1
принесли,1
обратную,1
чёрных,1
шины,1
Рассказываю,1
ISO,1
UCI,1
кейсы.,1
зацепами,1
компания.,1
Сайт,1
rowid,1
DATA,1
REDIS,1
generate,1
environment,1
Metabase,1
ReDash,1
наугад,1
ASSISTANT,1
Вступление,1
шин,1
пультов,1
Датчики.,1
несущей,1
SIP,1
cali-POSTROUTING,1
ободов,1
Podinfo,1
rule,1
JUMP,1
comment,1
OUTPUT,1
TRACE,1
Неудачная,1
Villain,1
зацепов,1
обода,1
режима,1
режим,1
эмуляции,1
Cash,1
data-driven,1
процессор.,1
Москвы,1
WKB,1
Shapely,1
WKT,1
Never,1
Gonna,1
Ook,1
Groot,1
импорту,1
РЭП,1
параллельному,1
ЦОДов,1
производители,1
энергией,1
moscow,1
чёрные,1
Тарле,1
дыр,1
координаты,1
HAL,1
VPN-сервера,1
Naptime,1
кто-то,1
AFL,1
Гелсингер,1
поддерживает,1
Pocuter,1
Пэт,1
Spectra,1
"int,class",1
allocator,1
Raptor,1
задачей,1
техническое,1
среднему,1
Открытие,1
такого,1
полимеров,1
Marzban,1
персонального,1
скриншотов,1
работодателя,1
спутника,1
AGIMA,1
trade,1
Рейтинг,1
ламп,1
Саймона,1
Гарфилд,1
Миссис,1
Норрис,1
Гарфилда,1
Боб,1
Мерто,1
Кот,1
NPS,1
выпуске,1
новом,1
приветствую,1
днем,1
воскресным,1
day,1
WEEKENDS,1
FRMT,1
MIND,1
Delphi,1
бесплатном,1
создана,1
редактор,1
карт,1
ментальных,1
MAP,1
температурой,1
START,1
стены,1
Триколор,1
вентиляции,1
бассейне,1
воздух,1
воды,1
бассейна,1
новостей,1
Малахов,1
mci,1
Олег,1
прослушивания,1
Рассмотрим,1
сплайнов,1
режиме,1
CMG,1
логики,1
асинхронной,1
Gowin,1
багги,1
кривую,1
лучших,1
предсказаний,1
предиктивной,1
INFO,1
dict,1
наружного,1
замкнутую,1
запретит,1
распростронять,1
собрать,1
КНФ,1
моем,1
ключевых,1
абстракция,1
Установка,1
GraphRAG,1
Conda,1
Графическая,1
dnf,1
Бренд,1
vee,1
clause,1
inds,1
поторопиться,1
столе,1
Люмен,1
статистику,1
random,1
ShowMessage,1
незамкнутую,1
пламени,1
глаз,1
ясно,1
schService,1
мониторов,1
поведение,1
CloseServiceHandle,1
служба,1
STATUS,1
logger,1
SCM,1
службы,1
предложения,1
ключевые,1
HR-бренда,1
Участники,1
HR-бренд,1
Продолжим,1
коллегу,1
PREP,1
Начинайте,1
Жадан,1
начинает,1
LaserPointer,1
init,1
запустить,1
гоняться,1
lp.observers,1
Observer,1
Базовый,1
максимально,1
монитор,1
Задание,1
языков,1
Понятия,1
понятиями,1
монитора,1
понятий,1
бусину,1
Чужое,1
Бяка,1
системному,1
pool,1
iburst,1
LANGUAGE,1
BEGIN,1
RETURNS,1
END,1
FUNCTION,1
TRIGGER,1
триггеров,1
тегов,1
пул,1
серверы,1
Теги,1
Stratum,1
mess,1
chronyd,1
Set,1
ROW,1
Notification,1
CUtils,1
Unsplash.com,1
стекла,1
Некоторое,1
Privacy,1
Facebook,1
GDPR,1
Dockerfile,1
KICS,1
IaC,1
Resolution,1
Completed,1
mean,1
Cblt,1
requests,1
using,1
chrony,1
Include,1
обогрева,1
построить,1
геймпада,1
general,1
dag,1
airflow,1
Minimum,1
Обход,1
сферы,1
вещество,1
первое,1
вещества,1
Maximum,1
Уравнение,1
Фридмана,1
выборке,1
Logical,1
нормального,1
keyboard,1
генеральной,1
медианы,1
task,1
Size,1
Count,1
calls,1
InstrumentsService,1
изоляции,1
Repeatable,1
JSON.stringify,1
Получение,1
INSTRUMENT,1
старый,1
AsyncSession,1
rabbitMQ,1
Usage,1
фотографиями,1
report,1
Notion,1
mouse,1
распознавание,1
broker,1
Доверительный,1
интервал,1
stock,1
cdot,1
WebStorm,1
Dark,1
измерений,1
состоянии,1
plt.show,1
шунтами,1
сопротивлениями,1
penguins,1
Покер,1
мультиметр,1
сопротивление,1
Причем,1
существует,1
Красота,1
ПРАВИЛЬНЫЙ,1
ГРАФИКИ,1
покера,1
sns.scatterplot,1
length,1
космической,1
DIAMOND,1
Xray,1
shortId,1
власти,1
settings,1
dest,1
сайтов,1
мнению,1
пол,1
bill,1
Atari,1
возраст,1
Lite,1
DIAMIOND,1
E-com,1
электронной,1
космических,1
logger.info,1
высокая,1
окружности,1
программу,1
протоколы,1
OpenVPN,1
VMess,1
Shadowsocks,1
AiMonic,1
перенапряжение,1
усталости,1
mediamtx,1
предупреждение,1
Камера,1
unlock,1
Небольшая,1
Скупой,1
gstreamer,1
увидеть,1
PyThread,1
конфиг,1
хотел,1
сетях,1
желание,1
UserFile,1
равным,1
Джаффар,1
COVID,1
кондиционера,1
чтение,1
ALDPro,1
отсутствует,1
Джинн,1
маскировки,1
Аладдин,1
IUserFileSerializable,1
Redux,1
Matrix,1
джинна,1
жила,1
Кода,1
DosBox,1
Omni,1
хорошая,1
Bot,1
плоскости,1
треугольника,1
карта,1
определите,1
грани,1
price,1
мошенник,1
Доставка,1
hourly,1
ticker,1
period,1
скамер,1
Средняя,1
Стабильная,1
Ограниченная,1
Применение,1
Частота,1
найма,1
SwiftUI,1
z.number,1
endif,1
Chat,1
моменту,1
сокращены,1
компанию,1
ARTERY,1
SCRIPTS,1
RLock,1
ifeq,1
Zod,1
z.string,1
OPTIONS,1
Make,1
VENDOR,1
flash,1
your,1
z.object,1
ним,1
заметил,1
mnt,1
Tableau,1
секунды,1
секунд,1
CALM,1
CALP,1
ходьба,1
САД,1
артериального,1
ДАД,1
освещения,1
артериальное,1
этаже,1
temp,1
RecyclerView.Adapter,1
представление,1
mantissa,1
адаптер,1
carry,1
импульсов,1
подрядчика,1
конференций,1
УНДЕЦИЛЛИОН,1
гиперплоскость,1
Баффет,1
Надеюсь,1
SVM,1
Романа,1
Великого,1
Справедливости,1
Mono,1
Zigbee,1
LogCat,1
Слово,1
Исландии,1
мерча,1
Поклонская,1
Стикеры,1
давайте,1
версия,1
доллара,1
Трюк,1
Правда,1
таз,1
Mess,1
DNS,1
аккумулятор,1
картошка,1
включаются,1
Проверил,1
JVC,1
таза,1
Наушники,1
exit,1
ebx,1
sys,1
ecx,1
накинуть,1
Вид,1
eax,1
ranges,1
картошку,1
стоп,1
Political,1
миллиона,1
ренту,1
exponent,1
десятилетия,1
последние,1
Brain,1
Salmon,1
Клинтон,1
пост,1
неизвестно,1
переводчика,1
ARC,1
22:0,1
htop,1
Таури,1
adder,1
истинных,1
Ядро,1
специалиста,1
интенсивность,1
коэффициент,1
SUMMARIZECOLUMNS,1
мысли,1
проникновения,1
worker,1
тему,1
слайды,1
конца,1
мошенника,1
жертвы,1
Телеграме,1
стартов,1
необходимую,1
исследованиям,1
фон,1
МТУСИ,1
спортсмены,1
DIVIDE,1
FILTER,1
COUNTX,1
пароль,1
NavStar,1
спутников,1
метро,1
Transit,1
SIMPLE,1
Софии,1
LEFT,1
аутентификация,1
практически,1
двухфакторная,1
сквозное,1
store,1
вид,1
монетизации,1
telegram,1
Доля,1
Itanium,1
иерархический,1
понимания,1
Поддержку,1
Hexen,1
подборку,1
forever,1
досуге,1
Подготовили,1
Gartner,1
разработали,1
искусственного,1
Agentic,1
причин,1
Вход,1
Вентиляция,1
настоящее,1
большинства,1
Марафон,1
unwrap,1
Processable,1
lft,1
Heretic,1
GzDoom,1
Shared,1
ttl,1
классов,1
научных,1
текстов,1
NLP,1
Содержит,1
Назначение,1
Entities,1
Shadow,1
FSD,1
Features,1
index.js,1
DTO,1
icmp,1
Riders,1
Serpent,1
получилось,1
Вписал,1
Стенд,1
Ценность,1
упражнение,1
нагрузку,1
бицепсы,1
мышц,1
упражнения,1
упражнений,1
мышцы,1
возможностями,1
пропсы,1
модов,1
языке,1
переменных,1
плагинов,1
Арсен,1
принимать,1
английского,1
context.drawImage,1
работают,1
голени,1
QNX,1
ограниченными,1
Logs,1
Действия,1
Explore,1
widetilde,1
lfloor,1
чисел,1
Алёна,1
Оксана,1
BlackBerry,1
ограничить,1
пытаться,1
общества,1
государство,1
следующее,1
Идея,1
Raspberry,1
Обратимые,1
drawImage,1
Компановка,1
MariaDB,1
Learning,1
NER,1
Prodigy,1
Встретил,1
дисковый,1
ROOT,1
Кластер,1
LBA,1
FAT,1
pop,1
Events,1
modifier,1
Джонсона,1
Effect,1
Кларк,1
Executor,1
HR-специалиста,1
Active,1
Label,1
edx,1
Риддика,1
COLUMN,1
Universal,1
T-shirt,1
Дизель,1
Вин,1
Туи,1
Риддик,1
movzbl,1
jmpq,1
байткод,1
Laptop,1
Джонсон,1
rax,1
Соломон,1
divisor,1
rsi,1
Встречайте,1
Scenes,1
rfloor,1
дросселя,1
периметру,1
генерировать,1
Фарадея,1
базовые,1
Освещения,1
пиксели,1
обмануть,1
глубины,1
пространстве,1
нормали,1
Буфер,1
Скайрим,1
SSAO,1
минимальные,1
написании,1
свойства,1
сайтах,1
аудиоресивер,1
Обеспечение,1
Формирование,1
частиц,1
стойке,1
entry,1
kjs-box,1
Иванович,1
излучение,1
вакуум,1
Хокинга,1
Унру,1
ящик,1
вакуума,1
Умение,1
лидами,1
большой,1
согревал,1
мою,1
Добавим,1
Тестирование,1
шимпанзе,1
тестировщики,1
Ведомостей,1
Специалист,1
Обучающий,1
Specialist,1
Закрытие,1
бумаги,1
Cybersecurity,1
Евросоюза,1
log,1
тренажеров,1
счета,1
Brokers,1
Interactive,1
PWM,1
регулятора,1
ТPWM,1
pmod,1
скрипт,1
Engineer,1
нужна,1
обезьяны,1
Freepik,1
Designed,1
QAOps,1
SLUG,1
ost,1
бесконечное,1
Outstatic,1
Армия,1
message.answer,1
мечтаний,1
смотря,1
TradingView,1
хотелось,1
зарплата,1
topic,1
средой,1
Хабермаса,1
PAGELATCH,1
маяка,1
Брендель,1
Serial,1
пула,1
потоками,1
потоки,1
виртуальных,1
Liberty,1
Лайфхак,1
XGSPON,1
vram,1
GEM,1
OLT,1
Нисходящая,1
MODEL,1
Восходящая,1
GPON,1
torch,1
PON,1
Светлана,1
cuda,1
DISPATCH,1
маскота,1
DECODE,1
FETCH,1
ключи,1
Стафф-инженер,1
pcpu,1
попытается,1
транзакций,1
соответствует,1
обратная,1
сопоставить,1
регулярное,1
соответствие,1
признаков,1
выражение,1
Фартика,1
произведения,1
персонажей,1
брокеры,1
phone,1
игровые,1
механики,1
APP,1
QLoRA,1
RDS,1
квантизации,1
SpinQuant,1
базами,1
Stack,1
Категории,1
запуска,1
stage,1
замеров,1
SIM-карт,1
номера,1
RPS,1
scripts,1
load,1
номеров,1
ITL,1
object,1
CatMessage,1
письмо,1
Robinhood,1
инвестиций,1
геймификация,1
суде,1
Messenger,1
увольнения,1
увольнении,1
Шардинг,1
Яндексе,1
автоматический,1
чтения,1
Шаблон,1
Istio,1
кол-во,1
показано,1
GooglePlay,1
Atakua,1
Cpu,1
Aerospike,1
Объясните,1
скриншоты,1
Будьте,1
rur,1
Шаги,1
отчета,1
знаю,1
вести,1
этапов,1
DOS,1
hr-специалиста,1
Гейтс,1
Ведение,1
Килдалл,1
Контроль,1
делают,1
уборка,1
Билл,1
аналитиков,1
Общеизвестно,1
стека,1
Животные,1
Хьюбер,1
подключайтесь,1
Syntacore,1
возрастом,1
Boost.Intrusive,1
учёные,1
балла,1
ответы,1
выполнение,1
img,1
Такаги,1
запутывания,1
другом,1
логика,1
общительными,1
квантовой,1
запутанности,1
эмпатии,1
Решает,1
waitNext,1
fsharp,1
промышленности,1
хлористый,1
method,1
водород,1
чистоты,1
водорода,1
HCl,1
MAX,1
седьмая,1
openssl,1
S-Class,1
ssh,1
Audi,1
Бэкапы,1
BMW,1
Mercedes-Benz,1
ADVANCE,1
conf,1
port,1
вклад,1
items,1
SCP,1
Toshiba,1
Commodore,1
Pasopia,1
ПЗУ,1
PRINT,1
рекурсии,1
priority,1
License,1
RUVDS,1
stddev,1
общее,1
средняя,1
HHC,1
задержка,1
event,1
отель,1
Варвара,1
стоячие,1
FSM,1
последовательно,1
разработчика,1
конечного,1
автомата,1
ячейки,1
opened,1
Фронтенд-разработчик,1
написание,1
Демонстрация,1
ячейка,1
col,1
row,1
Error,1
ScreenState,1
state.value,1
Мидл,1
Selenium,1
велосипеде,1
фаза,1
неактивна,1
ASIC,1
Контент,1
WCAG,1
кнопка,1
Рогозина,1
вейпов,1
батарейки,1
несуществующего,1
Обучение,1
корпусов,1
соединили,1
Доэл,1
батареек,1
Большинство,1
Куча,1
шине,1
трансивера,1
Перечислить,1
POM,1
Мнение,1
Robot,1
CLAIM,1
посещения,1
Составить,1
докладов,1
персон,1
Перестань,1
Общаться,1
Должен,1
ситуации,1
тимлид,1
списывать,1
Приказ,1
списывает,1
списать,1
информационных,1
плакал,1
приносящих,1
Профессиональные,1
продакт,1
Зрелость,1
мосты,1
назначения,1
DDoS-Guard,1
keycloak,1
oidc,1
synapse,1
www,1
jitsi,1
кино,1
временных,1
ряда,1
временного,1
рядов,1
CCIP,1
ряды,1
токены,1
Polygon,1
Tokens,1
Сценарий,1
кнопку,1
РВИ,1
SIEM-систему,1
Vercel,1
Формат,1
FlashImg,1
оптимизатор,1
WebP,1
доступность,1
означает,1
представители,1
anylist,1
SICP,1
субтитров,1
Gen,1
Lisp,1
Scheme,1
plaintext,1
actual,1
loops,1
интернов,1
интернатуры,1
формы,1
интерны,1
Лисп,1
Геймдев,1
Хочу,1
мероприятий,1
condition,1
STORE,1
Название,1
CLIENT,1
ИПР,1
elm,1
Форма,1
Keycloak,1
виден,1
классы,1
hidden,1
listbox,1
макроса,1
репетитора,1
pgsql,1
Turbo,1
Coq,1
cost,1
distance,1
Связи,1
таблице,1
Убедитесь,1
Элементы,1
Контраст,1
Проверьте,1
myCat,1
animalSound,1
BPU,1
переходов,1
кэш,1
Проводим,1
зарубежных,1
локализации,1
форму,1
activation,1
Ridge,1
Lasso,1
SLO,1
типов,1
Занятие,1
Pascal,1
индивидуальных,1
учителя,1
Взрыв,1
преподаватель,1
Опытом,1
Dense,1
Особенности,1
Разработчик,1
Информация,1
Express.js,1
фреймворк,1
regularizer,1
Sequential,1
кошки,1
линейный,1
задачах,1
полностью,1
комп,1
получаем,1
массу,1
бака,1
тонн,1
команду,1
Booster,1
ввел,1
влияний,1
USM,1
установил,1
Запустите,1
WARP,1
GoodbyeDPI,1
youtube,1
Zapret,1
OPL,1
винду,1
ускорение,1
UserDataRepository,1
Экстраполяции,1
SpyBean,1
проверка,1
GPO,1
UserData,1
cycle,1
Neuralink,1
life,1
Artificial,1
зигзаг,1
Credit,1
квазара,1
JWST,1
Дюкс,1
вторым,1
домен,1
личности,1
вытеснена,1
discord,1
RandomDelayInMinutes,1
Ивановой,1
ELF,1
Silver,1
Китай,1
GSAP,1
images,1
дисков,1
DVD,1
SerialName,1
Webhook,1
merge,1
Bitmap,1
Gitlab,1
направление,1
школьников,1
songs,1
BLOCK,1
Tilda,1
Фигма,1
INFERIT,1
Инферит,1
Экран,1
программист,1
Уважаемые,1
визы,1
Computer,1
визу,1
REG,1
одном,1
билеты,1
знакомый,1
Micro,1
Tower,1
Шанхай,1
Simulator,1
зомби,1
анкеты,1
Лучшие,1
Type-C,1
Бейкер,1
Rosetta,1
Дарья,1
Фаге,1
Сергея,1
Когда-то,1
стихотворение,1
state.count,1
observer,1
onClick,1
Островка,1
взгляд,1
пожертвование,1
вроде,1
платить,1
экс-гендиректора,1
Кикстартере,1
донатов,1
налоги,1
ФНС,1
развела,1
газету,1
Андроид,1
муж,1
детстве,1
Игорь,1
выполнения,1
компенсации,1
Arc,1
омбудсмена,1
суммы,1
Ordering,1
ByeDPI,1
Redsocks,1
всякий,1
написала,1
Basic,1
местную,1
OpenWRT,1
отправила,1
ASUS,1
роутер,1
донаты,1
Казахстан,1
Единица,1
груза,1
Underlay,1
влияния,1
Команду,1
менеджером,1
обязанности,1
белки,1
тимлидом,1
Где-то,1
аминокислот,1
помню,1
замуж,1
выйти,1
мужчиной,1
статью,1
старую,1
Прочитала,1
CASP,1
белка,1
AlphaFold,1
Overlay,1
pwmPins,1
pwmPack,1
duty,1
Нарастить,1
накопителя,1
gpioab,1
хранилища,1
встроенного,1
iBoff,1
BGP,1
GPIO,1
pwm,1
pwmPorts,1
IS-IS,1
белков,1
CLOS,1
Протокол,1
веб-дизайна,1
Урок,1
котором,1
десктопное,1
Recall,1
взлома,1
крайне,1
Робокопа,1
КНДР,1
фоне,1
октября,1
Робокоп,1
материя,1
Wayback,1
облачной,1
нажатия,1
Handler,1
btn,1
доступности,1
Press,1
KoboldCPP,1
Мёрфи,1
Алекса,1
vpcmpeqb,1
логикой,1
подумай,1
улучшить,1
показатели,1
Бизнес,1
APR,1
Злоумышленник,1
MITM,1
ментора,1
хватало,1
Wireshark,1
доменные,1
Помню,1
Фред,1
Аронофски,1
сущности,1
Robocop,1
Объекты,1
SIllyTavern,1
PDB,1
выбирайте,1
подходят,1
Детализация,1
плечами,1
Хесус,1
мемкоинов,1
моими,1
мемкоина,1
мемкоин,1
блогеры,1
наличие,1
скаттерплот,1
давать,1
большие,1
конфликты,1
аномалий,1
Тестовые,1
профессионал,1
arrow,1
Хесуса,1
Спайка,1
Hungry,1
HRD,1
Появление,1
Ledger,1
REPL,1
Trezor,1
хранить,1
криптовалюты,1
кошельки,1
сценариев,1
Town,1
фигурку,1
Голодный,1
Фигурка,1
Path.glob,1
FDM,1
фич,1
BOOBA,1
суп,1
котел,1
RPC,1
параметров,1
играть,1
понимает,1
Stockfish,1
чип,1
Axim,1
Тьюринга,1
Сёрла,1
Похудение,1
Vapor,1
Vue,1
ЗОЖ,1
DOM,1
калорий,1
жира,1
ест,1
Increase,1
SFC,1
Logic,1
Процессорная,1
чипы,1
Любимчик,1
абонентов,1
vmovntdqa,1
впору,1
наступает,1
vpsubb,1
пустячной,1
Haswell,1
сломать,1
Processing,1
удивлять,1
голову,1
КПК,1
Программируемая,1
Programmable,1
апгрейд,1
Девайс,1
vDOM,1
стабильности,1
layout,1
ребенку,1
корову,1
крокодила,1
mix,1
xref,1
ежик,1
Dog,1
пьяный,1
север,1
зеленый,1
Возможно,1
bex,1
NFS,1
кандидат,1
внимание,1
modules,1
pNFS,1
вакансия,1
Users,1
defmodule,1
Форд,1
темам,1
финансовой,1
IESE,1
папа,1
инвестировать,1
механизмы,1
ранней,1
подписчики,1
ОТСУТСТВИЕ,1
TypeSpec,1
NFCKEY,1
NFC,1
first,1
сообщение,1
Возвращает,1
Подробная,1
example,1
дополнительные,1
покупку,1
RxJava,1
Rider,1
электрокибитки,1
тестовое,1
построения,1
UXART,1
автодома,1
Стоимость,1
ГИБДД,1
обсуждаемо,1
люблю,1
машину,1
путешествовать,1
Шадрина,1
Айгуль,1
Эксперт,1
квантования,1
machine,1
забывания,1
Примерно,1
палаткой,1
Верхний,1
Bitwarden,1
диграфы,1
LETTER,1
Нижний,1
Title,1
SMALL,1
LATIN,1
регистр,1
регистре,1
Networks,1
активации,1
KAN,1
typeClass,1
JacksonStateSerializer,1
Override,1
звук,1
пешком,1
Flink,1
unlearning,1
Vite,1
Injectable,1
IKeyed,1
жилет,1
гаптического,1
батончики,1
жилеты,1
Летом,1
карамели,1
автоматически,1
карамель,1
OpenAPI,1
работников,1
некоторых,1
труда,1
неделю,1
конфеты,1
оператор,1
FILE,1
goto,1
Наступил,1
Cyberpunk,1
моторчиков,1
вес,1
extends,1
Unplugin,1
TServiceType,1
rollup,1
сборки,1
Размер,1
Дисплей,1
Webpack,1
жилета.,1
mlut,1
переписки,1
assistant,1
input,1
Сникерс,1
чат-бота,1
нуги,1
загрузчик,1
Некоторые,1
городе,1
interest,1
foreign,1
Аренда,1
GIMP,1
Script-fu,1
args,1
VPS,1
примеру,1
Электричество,1
scheme,1
arg,1
vptr,1
Scratch,1
уроков,1
уроки,1
цел,1
привлечения,1
счетчик,1
лоукост,1
Матрицу,1
UTC,1
Нео,1
Колмероэ,1
Алана,1
профессора,1
Энциклопедии,1
Роберта,1
Фортрана,1
enum,1
Allure,1
Иванова,1
политику,1
юзеров,1
выравнивание,1
Foo,1
Hummel,1
Бланке,1
профили,1
пространственной,1
Робот,1
Net,1
Тайване,1
Основатель,1
Connector,1
Tail,1
Tip,1
JEP,1
Среднее,1
обеспечить,1
Оптимизируем,1
Timezone,1
пояса,1
часовых,1
Arrow,1
Graphics,1
Asia,1
America,1
Africa,1
zoneinfo,1
летнее,1
Пришлось,1
работали,1
Приём,1
говорится,1
Unknown,1
Женьсюнь,1
Хуанг,1
Хуанга,1
Макнамара,1
критически,1
CISA,1
отчёте,1
Прошу,1
Memory,1
прошлой,1
просить,1
Добро,1
Handle,1
Стараюсь,1
роли,1
bits,1
приоритета,1
Биты,1
mini,1
Инжиниринг,1
Полипром,1
Uniswap,1
parallel,1
опцион,1
книге,1
спецпроцессоров,1
специализации,1
Вводные,1
VLIW,1
Станция,1
позиция,1
Салют,1
Carrera,1
Irbis,1
телевизоров,1
телевизоры,1
Solidity,1
returns,1
PFIC,1
cpu,1
блокчейна,1
блокчейн,1
YOLO,1
инфляции,1
output,1
annotation,1
bbox,1
dir,1
росту,1
поставщика,1
Magic,1
угрозы,1
облачных,1
страницу,1
Игоря,1
Max,1
iMac,1
остается,1
соединение,1
Соавтор,1
Исследователи,1
Backup,1
where,1
Теорема,1
меру,1
Proxmox,1
issue,1
Fix,1
Sdt,1
dtb,1
RISC-V,1
MMU,1
запускать,1
Габриэль,1
BLE,1
фотографий,1
цветной,1
Люксембурге,1
Часть,1
OAuth,1
мере,1
завода,1
хронической,1
пролекарство,1
частью,1
право,1
Лихачева,1
ЗИЛ,1
склада,1
склад,1
распределена,1
sec.,1
MiB,1
Aggregated,1
trace,1
Retryer,1
функцию,1
нормально,1
стагфляция,1
Bitcoin,1
SEO-оптимизация,1
создавать,1
испанском,1
сертификаты,1
CDHash,1
анимировать,1
размера,1
заниматься,1
none,1
opacity,1
display,1
товарный,1
РГАПК,1
пищи,1
колонии,1
МКТУ,1
Практика,1
индивидуума,1
Electron,1
деревьев,1
испанского,1
привыкнуть,1
леса,1
прерывания,1
Хэллоуин,1
батончик,1
nesting,1
NVIC,1
HPE,1
дер,1
Cmd,1
древесины,1
Hackintosh,1
Air,1
животных,1
Герт,1
Линден,1
Ван,1
деревья,1
стартапа,1
Патент,1
узлов,1
МИЛЛИАРДА,1
GRX,1
Shimano,1
структуру,1
Assistant,1
Luna,1
панель,1
аккаунты,1
Structure,1
используем,1
OpenStack,1
IP-адреса,1
Рег.ру,1
Externalizable,1
FieldOfTargetClass,1
самые,1
Serializable,1
рендеринг,1
AXS,1
Apex,1
Force,1
Австрийский,1
галлюцинации,1
OWASP,1
Severities,1
Track,1
Dependency,1
любимое,1
рубрику,1
Зубек,1
передач,1
Принесли,1
Фреймворк,1
Курт,1
Основные,1
Bootstrap,1
гравийных,1
Гёдель,1
компьютерном,1
Ковальски,1
выступления,1
Version,1
Center,1
Update,1
SERVER,1
Fujifilm,1
чековой,1
фотографию,1
Let,1
фотография,1
Encrypted,1
Zone,1
Cloudflare,1
Encrypt,1
машинного,1
DevSecOps,1
quotas,1
Стивер,1
Fernflower,1
Systems,1
Cumulative,1
Bypass,1
SRM,1
site,1
Synology,1
синтаксического,1
Yard,1
стек,1
Token,1
Состояния,1
состояний,1
Токен,1
Состояние,1
group,1
visitors,1
NAS,1
SMTP,1
control,1
EMAIL,1
Midnight,1
insurance,1
Университета,1
декомпилятор,1
Михаил,1
Патрика,1
Дейв,1
Патрик,1
Директа,1
Директ,1
размещения,1
конверсии,1
блогеров,1
preset,1
flac,1
concat,1
входной,1
ffmpeg,1
магии,1
city,1
учёных,1
рода,1
баг,1
Ассемблере,1
Таро-прогнозом,1
зарубежья,1
байт-кода,1
ИТМО,1
Обе,1
Professional,1
Стивера,1
проходит,1
программное,1
пройдёт,1
теста,1
основном,1
декомпиляции,1
форум,1
НСКФ,1
принципиальная,1
светодиодов,1
открывали,1
IfStatement,1
Shunting,1
Десятник,1
Gelsevirine,1
Gelsemium,1
мысль,1
WolfsBane,1
SOLID,1
Чёрный,1
Emacs,1
elem,1
script-fu,1
path-lib,1
Controls,1
Контролов,1
Grid,1
Avalonia,1
Tree,1
NCNN,1
PyTorch,1
Torch,1
бэкдор,1
FireWood,1
CAPTCHA,1
Wood,1
Отказ,1
тезисы,1
оформления,1
Сынок,1
корзины,1
заказа,1
мест,1
Балансировка,1
рабочих,1
VDI,1
Termidesk,1
сайтом,1
рассказать,1
выше,1
Доступность,1
карте,1
Накопилось,1
IOU,1
микроразметки,1
Schema.NET,1
Schema.org,1
БАДов,1
культивирования,1
приема,1
мелатонина,1
мелатонин,1
ParentComponent,1
фокус,1
клетках,1
ZNATNO,1
inputRef,1
forwardRef,1
Физтех.Идея,1
семестре,1
Round,1
реф,1
useRef,1
грант,1
препаратов,1
прием,1
совместного,1
Values,1
Включено,1
провайдер,1
Неминущий,1
Выберу.ру,1
скорости,1
Никита,1
словарь,1
саммаризация,1
хлоропластами,1
хлоропластов,1
хлоропласты,1
Light,1
Поле,1
AsyncAPI,1
водорослей,1
description,1
Кофе,1
Кейнс,1
Многие,1
Коллекторы,1
изучал,1
Тогнаццини,1
Парадокс,1
ребята,1
статистики,1
Распределение,1
Стьюдента,1
XXI,1
copy,1
restart,1
Роман,1
Предоставлен,1
застройки,1
PNG,1
Хаффмана,1
item.path,1
reload,1
администраторы,1
сложные,1
Ньютон,1
сложность,1
писем,1
Sun,1
фильтров,1
Synapse,1
фильтрации,1
Looking,1
Glass,1
client,1
AVG,1
спам,1
drives,1
Prometheus,1
kube-system,1
default,1
kubeconfig,1
Running,1
imgproxy,1
сжатия,1
files,1
services,1
one,1
дефекты,1
пасты,1
припоя,1
Джет,1
Pentagram,1
Инфосистемы,1
Eight,1
Garage,1
Рассказал,1
Герасимов,1
Bar,1
Nothing,1
Вредный,1
злоумышленник,1
Naumen,1
Алан,1
Зарецкий,1
печатных,1
SEAF,1
Bare,1
Length,1
stations,1
routes,1
IDAT,1
station,1
байта,1
route,1
Fedora,1
Plasma,1
Rutube,1
Real,1
GNOME,1
fetch,1
Comment,1
VSM,1
покоя,1
Запись,1
спама,1
продолжение,1
рассказа,1
Музыки,1
АЛЬТ,1
Гипервизоры,1
российской,1
Онлайн-курсы,1
ПГК,1
Photoshop,1
прогрессивный,1
Illustrator,1
логотипа,1
бренда,1
бесплатных,1
Курсы,1
СРК,1
трек,1
треки,1
старой,1
карточку,1
CommuniGate,1
МЦСТ,1
Asterisk,1
арахисовым,1
Браге,1
Парацельс,1
углеводов,1
Роскосмос,1
маслом,1
такую,1
представляли,1
тренировкой,1
Виртуализация,1
Итого,1
Реальный,1
подрядчик,1
Эми,1
час,1
заказчик,1
граммов,1
клике,1
Карточки,1
Croquet,1
фирменного,1
dwfrm,1
Тугунбулак,1
Award,1
Ташбулак,1
Фрачетти,1
правило,1
Приложение,1
гораздо,1
Pentest,1
диаграмм,1
номеру,1
диаграммы,1
хуков,1
COMMAND,1
DELETE,1
контейнера,1
Хуки,1
Шелкового,1
Sublime,1
городов,1
наибольшее,1
аварийного,1
пароля,1
стиля,1
ATO,1
дизайн-системы,1
Burp,1
Mediascope,1
Гран-Фондо,1
лидаром,1
горном,1
requestpassword,1
преимущество,1
маршруте,1
велосипеда,1
экипировки,1
сброса,1
Ошибки,1
VTY,1
общем,1
удалить,1
registerName,1
loop,1
ZYDIS,1
REGISTER,1
излишки,1
грязь,1
кассету,1
Чистая,1
очистить,1
печати,1
цепи,1
цепь,1
институт,1
Corporation,1
Полисульфоны,1
Polysulfone,1
полисульфонов,1
Память,1
break,1
Картриджи,1
составляет,1
Port,1
поколений,1
Зумеры,1
зумеров,1
Сообщество,1
Grok,1
Сгенерировано,1
Address,1
New,1
options,1
картриджей,1
timeout,1
полезность,1
предельная,1
Platform,1
страниц,1
принтеров,1
материалов,1
расходных,1
Dorado,1
Agora,1
сленг,1
Исиба,1
Layouts,1
HTML,1
php,1
HTMLHelper,1
индустрии,1
полупроводниковой,1
чипов,1
Сигэру,1
Rapidus,1
LayoutHelper,1
Япония,1
Японии,1
окситоцин,1
биологии,1
молекулярной,1
доцент,1
Института,1
Муттенталер,1
источник,1
Умная,1
Road,1
Нарбеков,1
Macintosh,1
ботов,1
боты,1
интернета,1
Бирюзовая,1
звучит,1
устройстве,1
Итог,1
Дрыгало,1
яркость,1
Художники,1
Любой,1
Деньги,1
Кыргызстан,1
паспорт,1
гражданство,1
Matter,1
2700-6500,1
продукты,1
шапки,1
ModX,1
Toy,1
купюры,1
action,1
down,1
direction,1
walls,1
wall,1
toys,1
Firestore,1
Firebase,1
оптимальный-размен,1
Укажите,1
Плюсы,1
кошелек,1
криптовалюту,1
исходные,1
формулировки,1
НЖЯ,1
продуктового,1
НОК,1
купюр,1
on-premises,1
Scorecard,1
волн,1
друга,1
другу,1
мешает,1
Свет,1
цену,1
Chart,1
Светофорные,1
KPI,1
cond,1
CPA,1
рекламных,1
рекламного,1
Пульс,1
Открываем,1
PowerShell,1
ПУТЬ,1
False,1
заказчика,1
Электронной,1
Layout,1
нравится,1
WebKitFormBoundarypxxxxxx,1
JWT,1
Центр,1
ВШЭ,1
НИУ,1
симуляторы,1
симуляция,1
Сиси,1
бриф,1
realm,1
микросхем,1
Busicom,1
калькуляторов,1
promo,1
parent,1
CoordinatorLayout,1
android,1
view,1
form-data,1
Content-Type,1
UnionTech,1
чайной,1
Linglong,1
Deepin,1
UOS,1
features,1
Данных,1
чайный,1
Страшно,1
черный,1
накипи,1
span,1
пленку,1
пленки,1
пленка,1
чая,1
max-content,1
fit-content,1
clip-path,1
awesome-block,1
Маркус,1
SESSION,1
электричества,1
Industries,1
radius,1
аспекты,1
Принцип,1
MECE,1
NPC,1
поведения,1
BASENJI,1
Эпиграф,1
Creative,1
self.,1
Идеи,1
состояния,1
Attention,1
Трансформеры,1
LSTM,1
RNN,1
Озон,1
Кирове,1
Circle,1
Свойства,1
определить,1
социальной,1
Quantec,1
Final,1
Умного,1
Cut,1
SQLAlchemy,1
PEOPLE,1
социального,1
опытных,1
пари,1
durations,1
Лига,1
Ставок,1
Boolean,1
Моделирование,1
должна,1
performance.now,1
sleep,1
duration,1
план,1
готово,1
просит,1
Мониторинга,1
легких,1
Condition,1
тестами,1
TESTS,1
UNIT,1
EXCLUDE,1
BUILD,1
менеджмент,1
on-call,1
дыхания,1
инцидентами,1
Gradle,1
fragmentManager,1
Android-модулей,1
людьми,1
видеть,1
одиноким,1
чувствуете,1
Engee,1
грудной,1
вкладки,1
enable,1
пользователям,1
Netscape,1
браузера,1
Mozilla,1
Firefox,1
попытки,1
zero-day,1
buffers,1
Параметр,1
chest,1
установка,1
выполняет,1
трёх,1
Пользователь,1
награды,1
другими,1
сравнению,1
мотивации,1
Lightning,1
BTF,1
ругал,1
тимус,1
position,1
Мёбиуса,1
прыжка,1
COEF,1
jump,1
чёрной,1
среду,1
закручивающей,1
пролёта,1
dragAccel,1
НАСА,1
Урана,1
важны,1
контексте,1
код-ревью,1
Клеветников,1
Пол,1
Стерлинг,1
gravity,1
Hглаз,1
Произведения,1
oVirt,1
честными,1
SAP,1
оценить,1
контрагентов,1
контрагента,1
Глобас,1
миграции,1
Бэкапа,1
агент,1
stable,1
виртуализации,1
Heart,1
геймеров,1
Всемирный,1
славы,1
Optuna,1
PPO,1
гиперпараметров,1
Брюс,1
Комаринец,1
FCOB,1
Личный,1
SUT,1
цвета,1
лучей,1
объекта,1
сцене,1
источника,1
пациента,1
Пирогова,1
госпитализации,1
Платформа,1
Госмед,1
СПбГУ,1
клиники,1
Цветовая,1
цветопередачи,1
лент,1
Лента,1
Напряжение,1
Категория,1
Dockhost,1
пер.,1
Kendo,1
Wiren,1
дома,1
умного,1
WB-MSW,1
щит,1
City,1
датчик,1
WISE,1
Собственно,1
PaaS,1
цвет,1
выбрать,1
дизайн,1
системного,1
Системный,1
рекламе,1
МАКО,1
стажеров,1
поврежденных,1
QR-кодов,1
пикселей,1
NVC,1
context,1
SCHEMA,1
pages,1
Firewall,1
WAF,1
PRO,1
декабря,1
USCIS,1
Красная,1
общения,1
товарных,1
Дружба,1
Министров,1
Совета,1
Постановления,1
Настоящий,1
EUR,1
USD,1
прод,1
Энтити,1
местного,1
np.array,1
DPS,1
Dionis,1
Addr,1
Card,1
percent,1
alternative,1
float,1
Union,1
CUPED,1
Лично,1
измерительный,1
измерения,1
измерительного,1
Avotel,1
потребность,1
Искусственного,1
Специалисты,1
придется,1
currency,1
Млечного,1
Гарольд,1
exec,1
разницы,1
средних,1
MDE,1
Очередь,1
очереди,1
Properties,1
rand-lst,1
while,1
IPS,1
Вернер,1
NGFW,1
DCFW,1
UserGate,1
безусловно,1
непрерывности,1
пользователи,1
HarmonyOS,1
Next,1
Stretch,1
Бухгольц,1
Пути,1
exports,1
пузыря,1
eROSITA,1
МГП,1
обучающий,1
бюро,1
выбирать,1
самых,1
moduleResolution,1
CJS,1
Вернера,1
ESM,1
Делегировать,1
микроменеджмент,1
суперкомпьютера,1
Байт,1
Компьютер,1
компьютера,1
Бухгольца,1
Ридли,1
хрусталик,1
петиции,1
растения,1
делитесь,1
публикуйте,1
вашу,1
Профиль,1
Панель,1
гроубоксов,1
микроклимата,1
Земляника,1
растений,1
NexT-SBC,1
Контроллер,1
Чарльза,1
разрез,1
хрусталика,1
Кельмана,1
Чарли,1
катаракты,1
Кельман,1
участвуйте,1
Radeon,1
Cacheable,1
стили,1
Compound,1
amount,1
asset,1
Comet.sol,1
размножения,1
ступени,1
ТЭЗа,1
DIRECTORY,1
одновременно,1
Крошечный,1
критическую,1
секцию,1
критической,1
атрибуты,1
атрибутов,1
REM,1
мини-ПК,1
Процессор,1
Cache,1
кэширование,1
Лондоне,1
SanitizerSet,1
мебель,1
чек,1
медийной,1
мебели,1
ДРР,1
case,1
llvm-project,1
spec,1
отвечает,1
Физическая,1
виды,1
Аналитика,1
Маус,1
глазу,1
очки,1
глаза,1
Фёдоров,1
Лейтенант,1
Повысили,1
Логическая,1
Caffeine,1
html,1
FeignClient,1
журналы,1
Первая,1
линия,1
HTML-документа,1
Возврат,1
ТекстHTMLДокумента,1
STYLE,1
perf,1
NCO,1
dilih,1
Golang,1
eBPF,1
BPF,1
XDP,1
SDR,1
CIC,1
АЧХ,1
Account,1
domain,1
reg,1
продолжительность,1
заголовке,1
реклама,1
загрузок,1
Market,1
Идейное,1
новички,1
What,1
Word,1
очная,1
ChromeOS,1
форма,1
интеллект,1
Прикладная,1
обязательства,1
руководителю,1
Руководителем,1
query,1
cat,1
Оценки,1
Pixel,1
категория,1
Краснопеев,1
UCSF,1
Калифорнийского,1
Ноа,1
Бергер,1
Чиу,1
mNGS,1
double,1
активно,1
стол,1
Chromebook,1
провели,1
покерного,1
Карты,1
Firestorm,1
эффективно,1
тяжело,1
подписок,1
продукте,1
Ответ,1
атласа,1
net,1
VRF,1
сольют,1
посты,1
высказаться,1
ноль,1
любят,1
Знаю,1
нужен,1
групп,1
Leaf,1
word,1
Local,1
Spine,1
Клоза,1
MIN,1
Dragonfly,1
доказать,1
письма,1
отрывок,1
карму,1
pixel,1
SKYLINE,1
Ближнего,1
горизонта,1
skylineCount,1
maxWidth,1
pSkyline,1
ATLAS,1
Страны,1
регионе,1
Востока,1
Атаки,1
фрагмента,1
хакеры,1
прошло,1
последней,1
моей,1
момента,1
заболеть,1
выводами,1
font,1
жидкости,1
Gerwin,1
Wiz,1
Config,1
Критерий,1
Орлова,1
Вера,1
контейнерной,1
рекомендации,1
образов,1
Neuvector,1
Face,1
HuggingFace,1
искать,1
Gitee,1
Deep,1
Link,1
Links,1
Баг,1
Mnemonic,1
Предупреждение,1
школа,1
ВАЖНО,1
материала,1
нейрочат,1
стороне,1
Accounts,1
Discovery,1
фейков,1
ремонт,1
телефоном,1
Мастер,1
Клиент,1
Tauri,1
Brisa,1
Реверс,1
COPY,1
RUN,1
рейтинга,1
Luxms,1
машиностроения,1
популярное,1
Возможность,1
инжиниринг,1
Школы,1
инженерная,1
технических,1
inactivity,1
Али,1
Паша,1
селлеров,1
юнит-экономики,1
спроса,1
Wildberries,1
Реверс-инжиниринг,1
SEPKeyStore,1
reboot,1
придумал,1
SEP,1
малым,1
провел,1
бизнесом,1
DQA,1
TurboText,1
Voicee,1
Aigital,1
визуальных,1
Dbo,1
Program,1
Files,1
инженеров,1
знаком,1
наставник,1
наставником,1
наставника,1
Исследования,1
бенефиты,1
бенефитов,1
Exception,1
эндпоинтов,1
Расчет,1
которым,1
поисковых,1
Сбор,1
Visual,1
Дополнительные,1
Debug,1
одиночества,1
показывает,1
Базы,1
открытия,1
Мидланд,1
контроль,1
Продолжаем,1
урана,1
термоядерного,1
плазмы,1
термоядерный,1
электростанции,1
thermonuclear,1
бизнес-центра,1
energy,1
Шагоход,1
позволяют,1
температуру,1
ткань,1
Умные,1
ткани,1
Дэвенпорт,1
Плаза,1
учет,1
Филлипса,1
голосовым,1
into,1
NotebookLM,1
podcast,1
audio,1
дисплеем,1
Контролька,1
сенсорным,1
приложением,1
AMOLED,1
Columnstore,1
мобильным,1
помощником,1
управлением,1
провайдера,1
облачного,1
выделенный,1
сервере,1
индексы,1
Музей,1
Эссекса,1
podcasts,1
энтропии,1
университета,1
Кукушкин,1
Сойер,1
Kickstarter,1
Obsidian,1
Pillars,1
Eternity,1
зрения,1
Пуассона,1
российских,1
гравитационного,1
Россию,1
блудного,1
уходящей,1
темой,1
громкой,1
возвращение,1
Rustore,1
Нью-Йоркского,1
зарплатных,1
Браун,1
утечка,1
Пибоди,1
Спектропии,1
смотрел,1
Спектропия,1
грамм,1
Звезда,1
протекает,1
фунта,1
фильтр,1
учиться,1
дашборд,1
Save,1
Superset,1
пройтись,1
действия,1
Чехии,1
кофе,1
кухня,1
Overview,1
бинов,1
темная,1
shop,1
movd,1
pxor,1
align,1
xmmword,1
metrics,1
metric,1
p-value,1
shops,1
потенциального,1
psrlq,1
чувство,1
триггеры,1
Шугермана,1
Триггер,1
MyDataClass,1
Cleffmann,1
Laura,1
Фотограф,1
paddd,1
movdqa,1
паук,1
осведомленность,1
карман,1
Начать,1
Неспроста,1
клипса,1
Рекомендация,1
Решения,1
меры,1
пароли,1
защите,1
SIMD,1
паролей,1
созвоны,1
парадокс,1
темы,1
Юля,1
ИТ-продукта,1
ИТ-проекта,1
ИТ-продуктов,1
самки,1
каракатица,1
тестах,1
РосНОУ,1
Создавая,1
Лукьяненко,1
Анна,1
Юрченко,1
Баришевский,1
Быковская,1
Евгений,1
пресс-службы,1
конкурентоспособности,1
симпозиума,1
конкуренции,1
IOS,1
Искать,1
Mockito,1
бин,1
TestBean,1
customService,1
переопределения,1
Теории,1
Национальной,1
Личинки,1
фичи,1
охоты,1
добычу,1
Датч,1
Шварцнеггер,1
Хищнику,1
Практическая,1
фича,1
Сложности,1
headless,1
участники,1
page.,1
Puppeteer,1
Простейшая,1
Ruby,1
лайков,1
зайчика,1
абсолютно,1
форуме,1
Джоэл,1
Рисс,1
потребление,1
Южном,1
Drupal,1
password,1
полюсе,1
Экология,1
температурных,1
нейронной,1
климата,1
климатических,1
Антарктида,1
PrestaShop,1
Кбайт,1
productname,1
SUMX,1
SUM,1
Sales,1
ALL,1
Quantity,1
ход,1
WordPress,1
ispmanager,1
тормоз,1
аварий,1
контактах,1
UAP,1
AARO,1
человеческого,1
имитаторов,1
процессе,1
Гаммер,1
аварийности,1
вероятности,1
Илон,1
комбинаторика,1
смотреть,1
Варианты,1
решать,1
ШАД,1
обращениями,1
обходных,1
Налоги,1
рычаги,1
усилие,1
новых,1
клипа,1
математики,1
философия,1
математику,1
математика,1
Fade,1
музыка,1
AudioStreamInteractive,1
Parameters,1
Godot,1
геометрия,1
клип,1
MHGA,1
Зачем-то,1
настроить,1
telnet,1
Juniper,1
NONE,1
cisco,1
Математик,1
ИНДИ,1
Наивное,1
координат,1
ролики,1
колеса,1
ПГС,1
полета,1
перекись,1
ракеты,1
собственным,1
делал,1
адрес,1
концепции,1
Plus,1
спустя,1
алфавит,1
Codes,1
IXBT,1
Краткая,1
Игромания,1
движ,1
отчете,1
Дейкстра,1
Новые,1
heap,1
FastGlioma,1
Технология,1
опухолей,1
rules,1
desc,1
Helm,1
has,1
SortItem,1
Continuous,1
опухоли,1
actions,1
uses,1
runner.os,1
Reach,1
Методика,1
Impact,1
RICE,1
have,1
операции,1
головного,1
PIN-кода,1
выражения,1
accent,1
illustration,1
eyes,1
sticker,1
cartoon,1
background,1
white,1
user.roles,1
MBA,1
Очередной,1
кольцами,1
итог,1
сроки,1
оплаты,1
порядок,1
заказчиком,1
согласовать,1
способную,1
Подходит,1
Symptoms,1
Франа,1
Userbox,1
Advantage,1
SPN,1
квантового,1
любителей,1
Пульт,1
Тип,1
годы,1
Hitachi,1
Unamer,1
Квантовый,1
OSINT,1
тарифы,1
SangMata,1
рассказал,1
Half-Life,1
Математического,1
Centrum,1
ARRA,1
D-Wave,1
научной,1
epoch,1
тырнэта,1
BATCH,1
loss,1
прочитаешь,1
показать,1
сатира,1
Пусть,1
ряд,1
Муркис,1
require,1
Present,1
Widget,1
package.json,1
Приложения,1
микрофронты,1
Component,1
Lorem,1
Assert,1
Rectangle,1
Вообще,1
Полотенце,1
Редактора,1
Устройства,1
Правдивая,1
организмов,1
смерть,1
гибели,1
популяции,1
среды,1
pass,1
Мбит,1
Nova,1
CrowdStrike,1
Tenda,1
Эстин,1
Джесси,1
Кондон,1
Pioneers,1
Ричи,1
NBS,1
isFluffy,1
организмы,1
отчётности,1
Builder,1
Фрагмент,1
наушниках,1
зовут,1
League,1
StarKit,1
роботы,1
disconnect,1
FortiClient,1
Settings,1
against,1
Ганта,1
verified,1
lines,1
nullptr,1
Check,1
ИТ-услуг,1
Жизненный,1
отчётность,1
Проблем,1
meowVolume,1
Врать,1
припаивать,1
восхождение,1
fps,1
RTX,1
высоте,1
Гора,1
вершине,1
Эльбруса,1
лагеря,1
палатки,1
Эльбрус,1
Micron,1
метров,1
собирают,1
маркетологов,1
LinkedIn,1
Jobs,1
обзорного,1
обзорный,1
процедур,1
видеокарты,1
Hana,1
кого‑то,1
изменениях,1
интегратор,1
Fixed,1
Price,1
Retainer,1
фишинг,1
киберграмотности,1
Вкусно,1
Золотое,1
Госуслуги,1
Вьетнаме,1
направо,1
release,1
INVAPI,1
Supermicro,1
IPMI,1
ATP,1
Vina,1
Вьетнам,1
слышать,1
угодно,1
Редактор,1
шлейф,1
Number,1
вновь,1
злоты,1
дракон,1
Богатства,1
командами,1
нетбуки,1
шлейфа,1
ARM,1
Command,1
Tegra,1
девайс,1
дисплея,1
Hibernate,1
оптимистическая,1
Объект,1
блокировка,1
транзакция,1
SDL,1
doc,1
Событие,1
Forcing,1
Combined,1
ANE,1
powermetrics,1
Gadget,1
CSAIL,1
следующего,1
токена,1
последовательности,1
гравитационная,1
Notebook,1
гравитационных,1
линз,1
линзы,1
изменить,1
переменную,1
Окно,1
Anaconda,1
Jupyter,1
причинно-следственные,1
причинность,1
местами,1
Public,1
KML,1
Кнопка,1
коптер,1
CSV,1
Litchi,1
Task,1
summary,1
FFmpeg,1
Проведение,1
Waypoints,1
Бин,1
Разбираемся,1
Мистер,1
messages,1
поменять,1
горит,1
светодиод,1
Большой,1
прямоугольник,1
полет,1
предмет,1
Terragrunt,1
XMPP,1
SECRET,1
MUTED,1
url,1
jwt,1
enabled,1
Mattermost,1
квоты,1
Terraform,1
удобно,1
тестировании,1
просмотр,1
localhost,1
bootstrap-server,1
топиков,1
допустим,1
Пятая,1
level,1
Оператор,1
конструктор,1
процедура,1
интегрированные,1
geom,1
locations,1
сложных,1
набор,1
анимаций,1
эффекты,1
библиотека,1
Барс,1
шланги,1
PDA,1
Хакл,1
Оскар,1
Дубаш,1
Уоткинс,1
колонки,1
рулевой,1
ManifestAssociatedFunction,1
external,1
хочет,1
появилась,1
MSCA,1
UX-дизайн,1
Case,1
Seasons,1
Rusty,1
Cube,1
Escape,1
контроля,1
информацию,1
приватности,1
бизнес-процессов,1
Casio,1
Lucidchart,1
BPMN,1
Document,1
History,1
Publish,1
Draft,1
Strapi,1
дисковод,1
плагина,1
тетрадь,1
процедуры,1
Debian,1
Башкирии,1
Мелеуза,1
Грачевское,1
взрывов,1
GenBook,1
Rockchip,1
ноутбук,1
Слот,1
боятся,1
газа,1
рискуем,1
боимся,1
потерять,1
win-win,1
GDG,1
независимых,1
ИТ-сообществ,1
сообществ,1
месторождение,1
добыча,1
моего,1
месторождений,1
идёт,1
Бауманке,1
Приветствие,1
металлов,1
Сибирских,1
расплава,1
расплавов,1
серы,1
породы,1
скважина,1
образования,1
zero-wait,1
флэша,1
area,1
WCH,1
FLASH,1
флэш,1
Ble,1
Маркет,1
коммерческих,1
КСОДД,1
обзора,1
категорийного,1
категорийный,1
затраты,1
модернизации,1
технического,1
фактов,1
сведения,1
обзоров,1
обзор,1
BMC,1
запусков,1
возмущения,1
КЛА,1
коэффициенты,1
Акселерометра,1
qquad,1
Майкла,1
Джанды,1
закупок,1
Ленте,1
Заявки,1
Возможности,1
Прогноз,1
Prophet,1
получили,1
CSAT,1
удовлетворенности,1
опроса,1
опрос,1
мессенджер,1
Threema,1
Ким,1
Session,1
Signal,1
dbt,1
билета,1
Ctrl,1
Enter,1
Pandas,1
Ленты,1
пишет,1
рассказывает,1
сжег,1
vector-ref,1
джорнал,1
мальчик,1
что‑то,1
понимаешь,1
Браголин,1
Джованни,1
Плачущий,1
начинаешь,1
prn,1
Майкл,1
compare,1
arr,1
коллеги,1
отвечать,1
Михайлов,1
Артем,1
Используем,1
заявок,1
Буллет,1
блокнота,1
красота,1
поверить,1
Джанда,1
Никто,1
Медвежий,1
Задержка,1
Новый,1
Yota,1
TCP,1
Такерман,1
структур,1
кристаллических,1
Зернике,1
Crystal,1
Иллюстрации,1
Math,1
эпоху,1
цифровую,1
смартфоном,1
DataFusion,1
poll,1
снимал,1
аудио,1
Мегаплан,1
Docs,1
Документы,1
стратегия,1
CRM-маркетинга,1
коммуникаций,1
речи,1
включая,1
Хакатона,1
TEAMLY,1
голоса,1
Marquize,1
DataHub,1
Amundsen,1
каталоги,1
Гараже,1
Гараж,1
Гаража,1
Бипиум,1
слайда,1
HDD,1
Masonry,1
Распиновка,1
клавиатуры,1
QMK,1
label,1
получает,1
Добавить,1
сетка,1
Pinterest,1
Позволяет,1
слайдов,1
OpenShift,1
Завод,1
софта,1
стенда,1
SimInTech,1
Matlab,1
Рынок,1
предложение,1
раза,1
RAM,1
клавиатур,1
pos,1
мощность,1
мВт,1
маскирование,1
обезличивания,1
data.pos,1
плотности,1
densities,1
bins,1
астрономии,1
трубки,1
радиовсплесков,1
Магнетары,1
Существование,1
CHIME,1
Collaboration,1
FRB,1
ранжирования,1
DCG,1
излучения,1
скрам-мастер,1
ресурса,1
базу,1
потребляет,1
Utilization,1
MySQL,1
NewPipe,1
You-Get,1
скачать,1
yt-dlp,1
awk,1
tasks,1
Scrum,1
Kaminsky,1
Ron,1
HACKTORIA,1
Итак,1
номерных,1
аналитике,1
предметной,1
агента,1
MSYS,1
клавиатуру,1
гриба,1
шоссейных,1
Тестировщика,1
КОТ,1
Шоссейные,1
педалей,1
скоростного,1
велосипедах,1
спуска,1
седло,1
велосипедов,1
стикеров,1
горных,1
седла,1
Object,1
decorators,1
oop,1
Unsafe,1
щебня,1
Знает,1
Обучить,1
стикер,1
Лёва,1
фрагментация,1
TSP,1
JSONObject,1
хранение,1
урожай,1
сортов,1
меда,1
мед,1
ALTER,1
слева,1
школы,1
фрейм,1
метка,1
Генератор,1
Звук,1
анализатор,1
звуковой,1
спектр,1
звука,1
Коли,1
Коля,1
продовольственной,1
смотрю,1
USRNME,1
apt,1
UID,1
Podman,1
home,1
Носков,1
выручай,1
кабели,1
жители,1
одно,1
акт,1
Пытаюсь,1
женщина,1
points,1
gimp,1
Израиль,1
собственности,1
Продовольственная,1
nvtop,1
никаких,1
Арсений,1
DRC,1
speed,1
struct,1
eth,1
DLP,1
инциденты,1
Марта,1
TVIS,1
солнечного,1
Psun,1
Neat,1
VIS,1
охлаждения,1
TRC,1
OBR,1
PDMS,1
региона,1
Липецкой,1
казалось,1
NDCG,1
веществ,1
Обязанности,1
сказки,1
скрипты,1
скрипта,1
скриптов,1
Системного,1
поддержку,1
Бабы,1
сказку,1
Яги,1
кукла,1
Магнит,1
Василису,1
Василиса,1
Heading,1
props,1
Typescript,1
Button,1
MMDVM,1
Pi-Star,1
Константина,1
Магнита,1
Scroll,1
Юпитера,1
Дональд,1
пынгвин,1
CVS,1
Устройство,1
электричество,1
БРВ,1
коричневых,1
массой,1
влаги,1
Samba,1
звёзды,1
указанный,1
Московской,1
Создать,1
dynamics,1
zpool,1
habr.ru,1
yes,1
tmpfs,1
point,1
посмотрел,1
профессиональному,1
ситуация,1
отгружать,1
бэкапы,1
Убытки,1
предложением,1
UGC-ресурса,1
неожиданным,1
сообществу,1
Многовато,1
GitLab,1
постов,1
справочник,1
расчета,1
витрины,1
Сроки,1
баланса,1
ALM,1
Мониторинг,1
отгрузок,1
секретов,1
скролл,1
Делитесь,1
element,1
хостов,1
FALSE,1
modifyServer,1
prov,1
Carbonio,1
IT-компаниях,1
опубликовать,1
анонимности,1
Webhooks,1
запускаем,1
Свершилось,1
Developer,1
Store,1
webhook,1
секрет,1
hooks,1
репозиторий,1
Линуксом,1
ынторнетом,1
питательных,1
Композитные,1
Нагрузка,1
ЦПУ,1
схемой,1
изощренной,1
столкнуться,1
IT-рекрутинга,1
Window,1
окон,1
менеджеры,1
отброшенных,1
Beryl,1
Compiz,1
ощутить,1
погружения,1
шанс,1
виртуальная,1
сбежать,1
Погружение,1
ethtool,1
Shadcn,1
животного,1
Халаши,1
velutina,1
Phanerochaete,1
Library,1
Eye,1
Вирус,1
Беата,1
лечения,1
ОВТ,1
станок,1
графика,1
заготовки,1
dxf,1
захвата,1
ДСП,1
opcode,1
Convallaria,1
Sword,1
Next.js,1
зверя,1
Ingress,1
кличущуюся,1
требовать,1
Амодеи,1
Дарио,1
Фридман,1
Лекс,1
Dario,1
hello,1
echo,1
Hidden,1
Область,1
События,1
гейткипер,1
Гейткиперы,1
DIR,1
использую,1
плодотворно,1
промптами,1
гружу,1
вышел,1
Fridman,1
e.key,1
Egress,1
Правильный,1
Pod’ов,1
Pod’ы,1
Policies,1
Обновления,1
Streaming,1
XWiki,1
mTLS,1
виртуальную,1
Timeline,1
pygame.K,1
AUX,1
камеру,1
Cinemachine,1
ибо,1
сном,1
уснуть,1
клавиши,1
мыши,1
Groq,1
LPU,1
HAC,1
SteelFox,1
EdTech,1
айти,1
отзывы,1
Беда,1
обрабатывать,1
мультимодальные,1
встраивания,1
старым,1
Интернет,1
Available,1
t.me,1
DALLE,1
MazAi,1
breaker,1
circuit,1
звёздочку,1
стиле,1
O'REILLY,1
дата,1
Highly,1
title,1
туманности,1
KnowledgeConf,1
другую,1
Штей,1
знаниями,1
Андромеды,1
Млечный,1
Эдвин,1
Шейпли,1
Хаббл,1
Forgejo,1
запуск,1
необанка,1
RS-Bank,1
АБС,1
click,1
command,1
desktop,1
Qtile,1
Книга,1
child,1
Канис,1
web,1
утилита,1
утилиты,1
Амазон,1
Себестоимость,1
Заяц,1
зайцев,1
зайца,1
OWLAPI,1
SHACL,1
дисками,1
IRI,1
SPARQL,1
OWL,1
RDF,1
ГосТех,1
персональных,1
Рейчел,1
Крузом,1
Gparted,1
fstab,1
package,1
RestClient,1
prompts,1
Instructions,1
Generator,1
free,1
Prompt,1
accessTokenResponseClient,1
Bean,1
Authorization,1
Ограничения,1
Столлман,1
поможет,1
ожидания,1
свободного,1
свободное,1
Сложно,1
RMS,1
Столлмана,1
Ричард,1
Анастасия,1
Рита,1
Компилятор,1
LLaMA,1
IntPtr,1
DOMAIN,1
cardDetails,1
neighbors,1
соседей,1
black,1
paint,1
Памяти,1
SWAP,1
Modo,1
ZRAM,1
ключ-пару,1
apktool,1
Короткий,1
apk,1
pygame.init,1
mode,1
Pygame,1
Postfix,1
обратной,1
omnichain,1
source,1
трейлер,1
Carrier,1
кассовых,1
Ламсона,1
bin,1
Nix,1
фаззинга,1
scanner,1
border,1
оценки,1
ZBar,1
Инструменты,1
полки,1
полка,1
Меню,1
контроллеров,1
Минпромторга,1
яндекс,1
nonce,1
OApp,1
transform,1
TLS,1
LTE,1
Технические,1
Kompakt,1
Phone,1
Mudita,1
live,1
letsencrypt,1
mail,1
yahoo.com,1
статистической,1
MTA-STS,1
NTFS,1
Компетенция,1
AGI,1
fmnist,1
SVHN,1
shuffle,1
Batch,1
значимости,1
статистически,1
DVNs,1
легко,1
Endpoint,1
LayerZero,1
demo,1
mydb,1
help,1
psql,1
Drama,1
кабелей,1
Switch,1
Вероятность,1
обслуживания,1
дисковой,1
строке,1
командной,1
уравнений,1
global,1
значимость,1
результатов,1
Томом,1
Стивена,1
Война,1
Выпущен,1
испытаниях,1
орбиту,1
Луна,1
Авария,1
Луны,1
Набор,1
Языки,1
Общее,1
Приключение,1
Зарегистрирован,1
флаг,1
собеседовании,1
Залетая,1
реагировать,1
Джорджа,1
Схемы,1
схем,1
булевой,1
Прощальным,1
MaxPatrol,1
переключателей,1
Shutterstock,1
fprintf,1
тритов,1
битов,1
mask,1
fputs,1
Orion,1
Последняя,1
Information,1
буря,1
корреляции,1
геомагнитная,1
влияние,1
магнитных,1
Геомагнитные,1
бури,1
бурь,1
списки,1
экспертизы,1
Буля,1
Шеннона,1
Спилберга,1
аналоговых,1
обмена,1
передача,1
Телепорта,1
Релея,1
Релей,1
стажировке,1
передней,1
АТС,1
FXO,1
каналы,1
FXS,1
размещены,1
линий,1
Шлюзы,1
MBR,1
DHCP,1
PXE,1
tftp,1
Поскольку,1
подписчиков,1
Шеннон,1
железа,1
картинке,1
Гуглом,1
Ozon,1
результатам,1
Самые,1
мозге,1
болезни,1
университет,1
Альцгеймера,1
Телеграм,1
аудиторию,1
Одноклассники,1
Ads,1
парковок,1
операторам,1
операторов,1
СИМ,1
штук,1
Марса,1
планеты,1
Марсе,1
Revenue,1
PageRank,1
scores,1
Genre,1
каждому,1
жанров,1
Average,1
фильмов,1
Медиана,1
tabata,1
damping,1
месяца,1
таймер,1
Решил,1
pomodoro,1
оценок,1
шаблона,1
формирования,1
ОПС,1
num,1
create,1
магнитное,1
CAD,1
Робби,1
Рей,1
Рея,1
Канаде,1
apple,1
комментарий,1
Германию,1
Канада,1
template,1
last,1
fable,1
assert,1
важным,1
историей,1
личной,1
поделиться,1
MoonShine,1
Друзья,1
раздела,1
Код-ревью,1
долгом,1
HDR,1
Слова,1
Корни,1
юзкейсы,1
feedRepository,1
LAN,1
KICKPI,1
приставка,1
Dolby,1
скажу,1
избежать,1
Фудзи,1
человек-сосед,1
человек-конец,1
дом,1
сталкиваются,1
предпринимательским,1
лидеры,1
Предприниматель,1
Android-разработчиков,1
mapper,1
юзкейс,1
КРОК,1
Pocketpair,1
клон,1
Geometry,1
Dash,1
Among,1
отсылка,1
документа,1
GROUP,1
таблицу,1
Осознаем,1
сущность,1
created,1
deleted,1
Elastic,1
перевода,1
книг,1
перевод,1
Инженер,1
remote-grpc,1
NTLM,1
CJE,1
маршрутизатор,1
Поток,1
Sage,1
пайплайна,1
Concurrency,1
Queue,1
Pattern,1
иконок,1
встречи,1
маршрутизации,1
автомобиля,1
реставрации,1
Distance,1
location,1
SPATIAL,1
GEOMETRY,1
GEOGRAPHY,1
встроенной,1
EIGRP,1
LSA,1
SHINING,1
Карлео,1
Nintendo,1
Sega,1
PlayStation,1
музыки,1
джангл,1
химии,1
DFT,1
компьютеры,1
DarkHotel,1
протокола,1
ВПО,1
VHDX,1
эффект,1
выбора,1
выбор,1
ссылка,1
поведенческий,1
Маркетинг,1
маркеры,1
FreeScan,1
Школа,1
науки,1
NEC,1
Пейджеры,1
науке,1
Поппера,1
научный,1
Нарратив,1
заговора,1
Exxon,1
Сканирование,1
Motorola,1
ссылок,1
Фильтрация,1
Djnago,1
AND,1
запросе,1
Программист,1
удаленная,1
fastapi,1
открытых,1
влажности,1
фотограмметрия,1
современные,1
видно,1
смартфона,1
видим,1
Ultra,1
Samsung,1
Узел,1
Синоникса,1
Синоникс,1
assignedDoctor,1
условий,1
Streams,1
record,1
KStream,1
соединения,1
хешринг,1
стейтов,1
соединений,1
Можем,1
Академии,1
матрица,1
Log,1
GoblinRAT,1
LAST,1
influxdb,1
sqlite,1
LATEST,1
Graylog,1
Solar,1
Forum,1
Солар,1
Нестор,1
pihole,1
Жигалов,1
погода,1
выходить,1
вечерами,1
минимализм,1
комнаты,1
Поттера,1
Гарри,1
BLOCKED,1
компетенций,1
отметить,1
фреймов,1
TestRail,1
Узнать,1
ECC,1
Xeon,1
внешнее,1
how,1
inner,1
pandas,1
icons,1
индикаторы,1
mime,1
share,1
usr,1
hard,1
корпоративные,1
skills,1
Интеграции,1
Улья,1
хочется,1
клиентские,1
Битрикс,1
contour,1
Работу,1
Батона.,1
ферме,1
корова,1
фермы,1
Весёлая,1
fields,1
rez,1
Мосбиржи,1
коров,1
бумаг,1
ценных,1
биржи,1
ММВБ,1
BDUI,1
фреймворка,1
виджетов,1
DUIT,1
ферму,1
Жулебино,1
инсайты,1
струн,1
Включать,1
управлять,1
Новая,1
компьютером,1
Система,1
RAID,1
LUN,1
TATLIN.FLEX,1
конструкции,1
картотека,1
инструмента,1
верхней,1
струны,1
Скрипка,1
скрипки,1
архивы,1
Ústřední,1
мире,1
Фильтр,1
epsilon,1
APPWRITE,1
Квантовой,1
Commons,1
Wikimedia,1
Прохоров,1
лазерная,1
Пароль,1
Консалтинг,1
КОРУС,1
Квантовая,1
квантовый,1
FiberLase,1
кубитов,1
кубиты,1
МВД,1
сербский,1
русский,1
сербского,1
Черногории,1
BEAM,1
СМ-Клиника,1
Благодаря,1
определение,1
fine-tune,1
cshell,1
install.sh,1
SNX,1
apt-get,1
contactId,1
TodoItem,1
schema,1
матчинга,1
бесплатно,1
корпорации,1
Нейросети,1
gems,1
NGINX,1
Eltex,1
Oxidized,1
выкарабкается,1
гражданских,1
Боинг,1
Erlang,1
Development,1
Deloitte,1
Прибыль,1
станции,1
handover,1
заболевания,1
продление,1
органов,1
старения,1
печени,1
прибыли,1
НДФЛ,1
Номер,1
ООО,1
сменить,1
ищешь,1
первую,1
попросить,1
собеседований,1
Конфигурация,1
Audit,1
симуляторов,1
NUMBER,1
recaptcha,1
Unix,1
Использовать,1
токеном,1
locator,1
selenium,1
Решение,1
Генерация,1
Jira,1
Страуструп,1
Classes,1
API-ключ,1
Borland,1
цех,1
Шланг,1
цеха,1
причины,1
named,1
Composer,1
Reality,1
SSL,1
Translate,1
bar,1
командировки,1
ETL,1
Quality,1
Happiness,1
DataOps,1
Сотрудник,1
Велесстрой,1
согласования,1
ЗУП,1
Аэроклуб,1
Экстрактор,1
командировок,1
Искусственный,1
Интеллект,1
Flash,1
геологии,1
Gemini,1
Trino,1
Spark,1
Modus,1
ворот,1
CedrusData,1
Несмотря,1
theta,1
ИИ-помощников,1
значительно,1
продолжаются,1
споры,1
современности,1
смогут,1
станет,1
want,1
Get,1
сторон,1
For,1
печатной,1
занимается,1
Habr,1
gate,1
SBS,1
ворота,1
технический,1
каталог,1
рабочие,1
Awards,1
приемник,1
проектной,1
инженер-проектировщик,1
лиц,1
реальных,1
синтетические,1
CrossConf,1
номинации,1
световой,1
микрофона,1
метра,1
цветовая,1
Aliexpress,1
технические,1
практике,1
Задачи,1
Sapiens,1
Homo,1
микрофоне,1
микрофон,1
Catalog,1
отсутствии,1
HDFS,1
Разработчики,1
Ежедневные,1
ЕММ,1
перечень,1
заключения,1
СПИК,1
КИИ,1
продукции,1
аля-караоке,1
аналогов,1
Заключение,1
поездок,1
водителей,1
Атом,1
комфорт,1
простой,1
понадобился,1
TestRun,1
Management,1
TPA,1
нейросеть,1
разумеющимся,1
объяснять,1
стереотип,1
сломан,1
Антона,1
Назарова,1
Рожков,1
Дмитрий,1
счет,1
approx,1
Сертифицированный,1
Румянцев,1
Ктулху,1
мотивам,1
Филлипс,1
Говард,1
Хастура,1
Лавкрафта,1
approxes,1
positive,1
недоверие,1
адресов,1
Display,1
Ltd,1
Organic,1
органических,1
OLED,1
задержек,1
Picker,1
Balancer,1
addr,1
negative,1
Software,1
АНБ,1
Total,1
rga,1
bat,1
Commander,1
fzf,1
diff,1
увидел,1
сетям,1
патентов,1
Kali,1
Османи,1
паттерны,1
Lean,1
Гутенберга,1
MVP,1
делает,1
проникновение,1
Parrot,1
колонку,1
Logstash,1
Белый,1
правильных,1
snack,1
show,1
Flet,1
архитектуру,1
гироскоп,1
контроллера,1
OpenSearch,1
Elasticsearch,1
информационным,1
софтскилы,1
ресурсам,1
информационно-телекоммуникационным,1
Роскомнадзором,1
Пифагора,1
угол,1
Фаза,1
акселерометра,1
Пирамиды,1
библиотек,1
логов,1
матом,1
пришлось,1
программиста,1
фронт,1
безопасность,1
Geo,1
Георезерв,1
Dashboards,1
многих,1
полупроводников,1
CREB,1
binary,1
OpenIDM,1
теме,1
медиа,1
вАЙТИ,1
экспертов,1
Машинный,1
Xcode,1
Библиотеки,1
Executable,1
workflow,1
channel,1
MIRI,1
WakerSlot,1
Pin,1
WakerList,1
Waker,1
Pointers,1
mut,1
samples,1
Already,1
sine,1
Коллекция,1
Execute,1
npm,1
LINQ,1
JIT,1
Logger,1
GeneratedRegex,1
IRP,1
SOAR,1
Threat,1
VERSION,1
студией,1
Flowwow,1
Логомашины,1
Айдентика,1
пропускной,1
пауз,1
Generational,1
getting-started,1
SIGNAL,1
output.push,1
полупроводники,1
караоке,1
обработчика,1
изобретение,1
Sparko,1
изобретатель,1
дель,1
Box,1
Росарио,1
Дайсукэ,1
Инуэ,1
exc,1
Нэгиси,1
NNAPI,1
Stable,1
ONNX,1
Интерфейсы,1
высокого,1
Маурисио,1
Tianma,1
Mach,1
exception,1
frequency,1
Emcee,1
cosine,1
PDM,1
задания,1
какие-то,1
controller,1
Artifactory,1
support,1
PASS,1
Checking,1
Крэш,1
qemu,1
операций,1
хирургическую,1
хирургических,1
Vinci,1
кредитные,1
IPO,1
signal,1
Нильфгаарда,1
Ведьмака,1
Геральте,1
концепт,1
сетевого,1
DPDK,1
сетевой,1
пакета,1
выдает,1
играх,1
разогнать,1
ГГЦ,1
сюжет,1
причина,1
Софи,1
MEAT,1
BAS,1
демо,1
капчу,1
captcha-solver,1
Клац,1
кликами,1
Linux-ядра,1
дашборды,1
кредита,1
Marblism,1
карточка,1
сделали,1
Разработали,1
Стройпарка,1
Родитель,1
кафе,1
родителей,1
администратор,1
Выдача,1
цифры,1
Испытательная,1
newprocs,1
goroutines,1
runnable,1
runqput,1
GOMAXPROCS,1
помог,1
рассказывала,1
заемщика,1
заемщик,1
Йеннифэр,1
Клиент-серверная,1
семье,1
Цифровые,1
среди,1
Cisco,1
ARHT,1
NDI,1
HeyGen,1
Meet,1
примере,1
CCS,1
Обратные,1
обратный,1
прокси‑сервер,1
Year,1
SimpleDateFormat,1
Date,1
люциферазы,1
ERK,1
Squadus,1
Prosody,1
заемщиков,1
Facility,1
костюм,1
Cosplay,1
Marvel,1
Джейн,1
Фостер,1
Самый,1
косплей,1
пушки,1
Сидоров,1
ВКС,1
пушек,1
ИБП,1
ДГУ,1
реплики,1
Colossus,1
GFS,1
Kanso,1
встречами,1
покупатель,1
Стремительный,1
накопителей,1
NAT,1
Дейкстры,1
убить,1
SETI,1
инопланетянами,1
Витковски,1
Mbits,1
kbytes,1
LIMIT,1
drop,1
расстояние,1
PPS,1
микросхемы,1
корпусе,1
имеющие,1
окно,1
PINS,1
подумал,1
NetSuite,1
множества,1
Зволле,1
ЕПК,1
слышно,1
Население,1
Континента,1
Севера,1
крон,1
усреднение,1
curVspValue,1
cnt,1
Примерка,1
запоет,1
расстояния,1
мощный,1
Bredun,1
динамик,1
усилитель,1
стояние,1
здоровья,1
Ахмади,1
граф,1
молодой,1
колледж,1
учится,1
вредоносный,1
Дзене,1
Бейсиком,1
терминал,1
клавиатура,1
AVR,1
Как-то,1
Arduino,1
комплект,1
Стоит,1
оценку,1
isActive,1
colors,1
css,1
Заменяем,1
алгоритмы,1
кампаний,1
кампании,1
конверсий,1
Плюс,1
Minecraft,1
Pictionary,1
Калкрафт,1
взял,1
выдерживает,1
Миддл,1
пацан,1
DOA,1
Truck-Factor,1
powershell,1
Википедии,1
linguist,1
фактор,1
автобуса,1
printf,1
extern,1
char,1
Кук,1
эталон,1
Кэлкрафт,1
Стратегии,1
